{"created_at": "2025-08-05T14:31:24.556525+00:00", "train_time": 39710, "train_step": 62021, "platform": "tencent_kaiwu", "business": "competition", "user_id": 1, "team_id": 2, "project_code": "back_to_the_realm_v2", "project_version": "24.0.1", "task_id": "uuid", "algorithm": "target_dqn", "model_file_name": "back_to_the_realm_v2-target_dqn-62021-2025_08_05_22_31_24-24.0.1.zip", "model_file_hash": "7da0096a4cfdd1a90d27bc0526b074b205f223376dde7e29d01c5735d13c6f5b", "model_file_path": ["ckpt/model.ckpt-62021.pkl"], "signature": null}