{"created_at": "2025-08-01T13:11:29.148978+00:00", "train_time": 14454, "train_step": 22863, "platform": "tencent_kaiwu", "business": "competition", "user_id": 1, "team_id": 2, "project_code": "back_to_the_realm_v2", "project_version": "24.0.1", "task_id": "uuid", "algorithm": "target_dqn", "model_file_name": "back_to_the_realm_v2-target_dqn-22863-2025_08_01_21_11_29-24.0.1.zip", "model_file_hash": "57dc21d97462170a511dc0d8fd0fa238da5ec4d8887c7b819682d71a8fc79a67", "model_file_path": ["ckpt/model.ckpt-22863.pkl"], "signature": null}