{"created_at": "2025-07-31T07:32:23.120690+00:00", "train_time": 79405, "train_step": 132761, "platform": "tencent_kaiwu", "business": "competition", "user_id": 1, "team_id": 2, "project_code": "back_to_the_realm_v2", "project_version": "24.0.1", "task_id": "uuid", "algorithm": "target_dqn", "model_file_name": "back_to_the_realm_v2-target_dqn-132761-2025_07_31_15_32_23-24.0.1.zip", "model_file_hash": "97f5cb5da50a678fb751d60c835ed24bb4150d2274feb3e111ba6e7826e952bd", "model_file_path": ["ckpt/model.ckpt-132761.pkl"], "signature": null}