{"created_at": "2025-07-31T03:31:42.230541+00:00", "train_time": 64964, "train_step": 108454, "platform": "tencent_kaiwu", "business": "competition", "user_id": 1, "team_id": 2, "project_code": "back_to_the_realm_v2", "project_version": "24.0.1", "task_id": "uuid", "algorithm": "target_dqn", "model_file_name": "back_to_the_realm_v2-target_dqn-108454-2025_07_31_11_31_42-24.0.1.zip", "model_file_hash": "26d7c7738a12eb5035acff0a38175fa0318e27fc0c9841f85c62d3df972830bc", "model_file_path": ["ckpt/model.ckpt-108454.pkl"], "signature": null}