{"created_at": "2025-08-07T04:19:58.665160+00:00", "train_time": 5449, "train_step": 8399, "platform": "tencent_kaiwu", "business": "competition", "user_id": 1, "team_id": 2, "project_code": "back_to_the_realm_v2", "project_version": "24.0.1", "task_id": "uuid", "algorithm": "target_dqn", "model_file_name": "back_to_the_realm_v2-target_dqn-8399-2025_08_07_12_19_58-24.0.1.zip", "model_file_hash": "d4ec61f020258f573945e9fbf7242adfc4717b6f747907f812fd8b568202788a", "model_file_path": ["ckpt/model.ckpt-8399.pkl"], "signature": null}