{"created_at": "2025-08-04T15:49:10.413371+00:00", "train_time": 7213, "train_step": 11278, "platform": "tencent_kaiwu", "business": "competition", "user_id": 1, "team_id": 2, "project_code": "back_to_the_realm_v2", "project_version": "24.0.1", "task_id": "uuid", "algorithm": "target_dqn", "model_file_name": "back_to_the_realm_v2-target_dqn-11278-2025_08_04_23_49_10-24.0.1.zip", "model_file_hash": "93f60ec227545bf051112650bea7acf19a6dbc8de69efd4b13ec0c91d2fb788f", "model_file_path": ["ckpt/model.ckpt-11278.pkl"], "signature": null}