{"created_at": "2025-07-28T03:09:41.897059+00:00", "train_time": 4182, "train_step": 6953, "platform": "tencent_kaiwu", "business": "competition", "user_id": 1, "team_id": 2, "project_code": "back_to_the_realm_v2", "project_version": "24.0.1", "task_id": "uuid", "algorithm": "dqn", "model_file_name": "back_to_the_realm_v2-dqn-6953-2025_07_28_11_09_41-24.0.1.zip", "model_file_hash": "327a981a39c0ee6ebfa757bc552afb64217e888e8bd2e24f1537dfb5fd37116c", "model_file_path": ["ckpt/model.ckpt-6953.pkl"], "signature": null}