{"created_at": "2025-08-05T02:40:05.145429+00:00", "train_time": 34311, "train_step": 54454, "platform": "tencent_kaiwu", "business": "competition", "user_id": 1, "team_id": 2, "project_code": "back_to_the_realm_v2", "project_version": "24.0.1", "task_id": "uuid", "algorithm": "target_dqn", "model_file_name": "back_to_the_realm_v2-target_dqn-54454-2025_08_05_10_40_05-24.0.1.zip", "model_file_hash": "df72afca85b349060e6a574a67d919eacad050b72a8be4e545e6616a1f3e63a6", "model_file_path": ["ckpt/model.ckpt-54454.pkl"], "signature": null}