{"created_at": "2025-08-06T13:34:04.108246+00:00", "train_time": 34280, "train_step": 53256, "platform": "tencent_kaiwu", "business": "competition", "user_id": 1, "team_id": 2, "project_code": "back_to_the_realm_v2", "project_version": "24.0.1", "task_id": "uuid", "algorithm": "target_dqn", "model_file_name": "back_to_the_realm_v2-target_dqn-53256-2025_08_06_21_34_04-24.0.1.zip", "model_file_hash": "85998d973f9c34c239466b7e7c1179c96deae1fbcb8334303cb1bfe541514497", "model_file_path": ["ckpt/model.ckpt-53256.pkl"], "signature": null}