{"created_at": "2025-07-31T14:36:29.143421+00:00", "train_time": 21664, "train_step": 34191, "platform": "tencent_kaiwu", "business": "competition", "user_id": 1, "team_id": 2, "project_code": "back_to_the_realm_v2", "project_version": "24.0.1", "task_id": "uuid", "algorithm": "target_dqn", "model_file_name": "back_to_the_realm_v2-target_dqn-34191-2025_07_31_22_36_29-24.0.1.zip", "model_file_hash": "bfe0124310af3f03b82c5e879a6690542dab29ecb8a95b9edb01f724b6f6cc2f", "model_file_path": ["ckpt/model.ckpt-34191.pkl"], "signature": null}