{"created_at": "2025-08-03T06:40:51.172662+00:00", "train_time": 9046, "train_step": 14390, "platform": "tencent_kaiwu", "business": "competition", "user_id": 1, "team_id": 2, "project_code": "back_to_the_realm_v2", "project_version": "24.0.1", "task_id": "uuid", "algorithm": "target_dqn", "model_file_name": "back_to_the_realm_v2-target_dqn-14390-2025_08_03_14_40_51-24.0.1.zip", "model_file_hash": "1f4dfaa0c1c9d07ed1e3aee2d3e036683135a36050816761e961c2b942fd35f6", "model_file_path": ["ckpt/model.ckpt-14390.pkl"], "signature": null}