{"created_at": "2025-08-03T00:29:23.288939+00:00", "train_time": 37931, "train_step": 60494, "platform": "tencent_kaiwu", "business": "competition", "user_id": 1, "team_id": 2, "project_code": "back_to_the_realm_v2", "project_version": "24.0.1", "task_id": "uuid", "algorithm": "target_dqn", "model_file_name": "back_to_the_realm_v2-target_dqn-60494-2025_08_03_08_29_23-24.0.1.zip", "model_file_hash": "a0000fe12fcde97ea143e8745377c0fc5d353b5e38a7ac0d5a0e37406c17519c", "model_file_path": ["ckpt/model.ckpt-60494.pkl"], "signature": null}