{"created_at": "2025-07-29T18:24:57.322459+00:00", "train_time": 5429, "train_step": 9168, "platform": "tencent_kaiwu", "business": "competition", "user_id": 1, "team_id": 2, "project_code": "back_to_the_realm_v2", "project_version": "24.0.1", "task_id": "uuid", "algorithm": "target_dqn", "model_file_name": "back_to_the_realm_v2-target_dqn-9168-2025_07_30_02_24_57-24.0.1.zip", "model_file_hash": "33cb41809b47689b0797a03cfa749ae1767f044b946bc60f97dbfa2eecd6a0be", "model_file_path": ["ckpt/model.ckpt-9168.pkl"], "signature": null}