{"created_at": "2025-08-04T01:44:50.052510+00:00", "train_time": 31235, "train_step": 33385, "platform": "tencent_kaiwu", "business": "competition", "user_id": 1, "team_id": 2, "project_code": "back_to_the_realm_v2", "project_version": "24.0.1", "task_id": "uuid", "algorithm": "target_dqn", "model_file_name": "back_to_the_realm_v2-target_dqn-33385-2025_08_04_09_44_50-24.0.1.zip", "model_file_hash": "17c353992a2515128be3b6bfe92f3d9671a52f255deeb21fe75ccf12c4b932df", "model_file_path": ["ckpt/model.ckpt-33385.pkl"], "signature": null}