{"created_at": "2025-07-29T15:16:21.186753+00:00", "train_time": 25294, "train_step": 42449, "platform": "tencent_kaiwu", "business": "competition", "user_id": 1, "team_id": 2, "project_code": "back_to_the_realm_v2", "project_version": "24.0.1", "task_id": "uuid", "algorithm": "target_dqn", "model_file_name": "back_to_the_realm_v2-target_dqn-42449-2025_07_29_23_16_21-24.0.1.zip", "model_file_hash": "ac128024a044ade4d20b00ab7ff80324d6abe661cb30de0f30b83570d72f89b3", "model_file_path": ["ckpt/model.ckpt-42449.pkl"], "signature": null}