{"created_at": "2025-07-29T10:45:34.467205+00:00", "train_time": 9047, "train_step": 15202, "platform": "tencent_kaiwu", "business": "competition", "user_id": 1, "team_id": 2, "project_code": "back_to_the_realm_v2", "project_version": "24.0.1", "task_id": "uuid", "algorithm": "target_dqn", "model_file_name": "back_to_the_realm_v2-target_dqn-15202-2025_07_29_18_45_34-24.0.1.zip", "model_file_hash": "d1b7b2f0a8b3bd810bf3cf3ebfd4c57a340e110ecc5f31d99e1d8f35f96fc574", "model_file_path": ["ckpt/model.ckpt-15202.pkl"], "signature": null}