{"created_at": "2025-08-06T02:24:54.170184+00:00", "train_time": 34277, "train_step": 53849, "platform": "tencent_kaiwu", "business": "competition", "user_id": 1, "team_id": 2, "project_code": "back_to_the_realm_v2", "project_version": "24.0.1", "task_id": "uuid", "algorithm": "target_dqn", "model_file_name": "back_to_the_realm_v2-target_dqn-53849-2025_08_06_10_24_54-24.0.1.zip", "model_file_hash": "a45873317ce46d7a6cf0922fdfe5903a05ab2ebe922ba0864536ea0062fcc7d1", "model_file_path": ["ckpt/model.ckpt-53849.pkl"], "signature": null}