{"created_at": "2025-08-06T18:52:47.030277+00:00", "train_time": 9051, "train_step": 14530, "platform": "tencent_kaiwu", "business": "competition", "user_id": 1, "team_id": 2, "project_code": "back_to_the_realm_v2", "project_version": "24.0.1", "task_id": "uuid", "algorithm": "target_dqn", "model_file_name": "back_to_the_realm_v2-target_dqn-14530-2025_08_07_02_52_47-24.0.1.zip", "model_file_hash": "7e61d74ff029214d641f868850699aaf7ff02dc63053cfa6280b2c63f9d1077f", "model_file_path": ["ckpt/model.ckpt-14530.pkl"], "signature": null}