{"created_at": "2025-07-29T22:55:40.070261+00:00", "train_time": 21672, "train_step": 36624, "platform": "tencent_kaiwu", "business": "competition", "user_id": 1, "team_id": 2, "project_code": "back_to_the_realm_v2", "project_version": "24.0.1", "task_id": "uuid", "algorithm": "target_dqn", "model_file_name": "back_to_the_realm_v2-target_dqn-36624-2025_07_30_06_55_40-24.0.1.zip", "model_file_hash": "96d11a8de83b819c575855b0c34560a00436e4c67f34d5c87fcefa283117147c", "model_file_path": ["ckpt/model.ckpt-36624.pkl"], "signature": null}