{"created_at": "2025-08-02T19:59:08.369101+00:00", "train_time": 21715, "train_step": 34510, "platform": "tencent_kaiwu", "business": "competition", "user_id": 1, "team_id": 2, "project_code": "back_to_the_realm_v2", "project_version": "24.0.1", "task_id": "uuid", "algorithm": "target_dqn", "model_file_name": "back_to_the_realm_v2-target_dqn-34510-2025_08_03_03_59_08-24.0.1.zip", "model_file_hash": "99588dba52831cf0fa52e47014cad7c6229ddcb640ef32dafd94e4540a79a5d0", "model_file_path": ["ckpt/model.ckpt-34510.pkl"], "signature": null}