{"created_at": "2025-08-07T19:04:30.252455+00:00", "train_time": 23511, "train_step": 37139, "platform": "tencent_kaiwu", "business": "competition", "user_id": 1, "team_id": 2, "project_code": "back_to_the_realm_v2", "project_version": "24.0.1", "task_id": "uuid", "algorithm": "target_dqn", "model_file_name": "back_to_the_realm_v2-target_dqn-37139-2025_08_08_03_04_30-24.0.1.zip", "model_file_hash": "9d2c36151d9ba37fb1e9a41335e1ca672c0f3c8b9fc8a14eab0ad55fb4443cb5", "model_file_path": ["ckpt/model.ckpt-37139.pkl"], "signature": null}