{"created_at": "2025-08-02T13:55:54.691983+00:00", "train_time": 9808, "train_step": 15603, "platform": "tencent_kaiwu", "business": "competition", "user_id": 1, "team_id": 2, "project_code": "back_to_the_realm_v2", "project_version": "24.0.1", "task_id": "uuid", "algorithm": "target_dqn", "model_file_name": "back_to_the_realm_v2-target_dqn-15603-2025_08_02_21_55_54-24.0.1.zip", "model_file_hash": "db63eb0b4e616430c9fe24b841d99dd41454860d0905951952bd265663bf7af5", "model_file_path": ["ckpt/model.ckpt-15603.pkl"], "signature": null}