{"created_at": "2025-08-03T13:35:43.756188+00:00", "train_time": 14669, "train_step": 15626, "platform": "tencent_kaiwu", "business": "competition", "user_id": 1, "team_id": 2, "project_code": "back_to_the_realm_v2", "project_version": "24.0.1", "task_id": "uuid", "algorithm": "target_dqn", "model_file_name": "back_to_the_realm_v2-target_dqn-15626-2025_08_03_21_35_43-24.0.1.zip", "model_file_hash": "c7254e1d1c2812cd24843291e8d413d88f743ad2d1be9740436864fce0d26c72", "model_file_path": ["ckpt/model.ckpt-15626.pkl"], "signature": null}