{"created_at": "2025-08-03T23:43:03.434363+00:00", "train_time": 24408, "train_step": 26316, "platform": "tencent_kaiwu", "business": "competition", "user_id": 1, "team_id": 2, "project_code": "back_to_the_realm_v2", "project_version": "24.0.1", "task_id": "uuid", "algorithm": "target_dqn", "model_file_name": "back_to_the_realm_v2-target_dqn-26316-2025_08_04_07_43_03-24.0.1.zip", "model_file_hash": "b258de18f28e23d00c12d6ebb2d721a82e5a7a4b00f779e5b96d6d3b8bb7fc4d", "model_file_path": ["ckpt/model.ckpt-26316.pkl"], "signature": null}