{"created_at": "2025-08-02T20:29:09.160643+00:00", "train_time": 23516, "train_step": 37397, "platform": "tencent_kaiwu", "business": "competition", "user_id": 1, "team_id": 2, "project_code": "back_to_the_realm_v2", "project_version": "24.0.1", "task_id": "uuid", "algorithm": "target_dqn", "model_file_name": "back_to_the_realm_v2-target_dqn-37397-2025_08_03_04_29_09-24.0.1.zip", "model_file_hash": "9efe41b96851b65407035f96022f2562bd1e5e7007604b69759e26e43a034764", "model_file_path": ["ckpt/model.ckpt-37397.pkl"], "signature": null}