{"created_at": "2025-07-27T17:21:24.045314+00:00", "train_time": 1519, "train_step": 2528, "platform": "tencent_kaiwu", "business": "competition", "user_id": 1, "team_id": 2, "project_code": "back_to_the_realm_v2", "project_version": "24.0.1", "task_id": "uuid", "algorithm": "dqn", "model_file_name": "back_to_the_realm_v2-dqn-2528-2025_07_28_01_21_24-24.0.1.zip", "model_file_hash": "bb2369cbc024c8b1add07fd6c2f49e19073c2f13db9a05ea29df1c7ebf706da5", "model_file_path": ["ckpt/model.ckpt-2528.pkl"], "signature": null}