{"created_at": "2025-08-01T21:57:26.233613+00:00", "train_time": 16263, "train_step": 25853, "platform": "tencent_kaiwu", "business": "competition", "user_id": 1, "team_id": 2, "project_code": "back_to_the_realm_v2", "project_version": "24.0.1", "task_id": "uuid", "algorithm": "target_dqn", "model_file_name": "back_to_the_realm_v2-target_dqn-25853-2025_08_02_05_57_26-24.0.1.zip", "model_file_hash": "7ff0c042f72816263e4f375d6c46c6f8e5f6bd30310f45864cc696bfa00cc133", "model_file_path": ["ckpt/model.ckpt-25853.pkl"], "signature": null}