{"created_at": "2025-08-05T04:00:15.793951+00:00", "train_time": 1831, "train_step": 2857, "platform": "tencent_kaiwu", "business": "competition", "user_id": 1, "team_id": 2, "project_code": "back_to_the_realm_v2", "project_version": "24.0.1", "task_id": "uuid", "algorithm": "target_dqn", "model_file_name": "back_to_the_realm_v2-target_dqn-2857-2025_08_05_12_00_15-24.0.1.zip", "model_file_hash": "944b20bc5c01216077dbbbd44141b2b16a5981cdf2438195299e0c7de84de000", "model_file_path": ["ckpt/model.ckpt-2857.pkl"], "signature": null}