{"created_at": "2025-07-29T03:58:10.507473+00:00", "train_time": 5641, "train_step": 9458, "platform": "tencent_kaiwu", "business": "competition", "user_id": 1, "team_id": 2, "project_code": "back_to_the_realm_v2", "project_version": "24.0.1", "task_id": "uuid", "algorithm": "target_dqn", "model_file_name": "back_to_the_realm_v2-target_dqn-9458-2025_07_29_11_58_10-24.0.1.zip", "model_file_hash": "4a4075538ff71620181bfe14b0d26cb5f2604cdd80786fc0d504b433347270da", "model_file_path": ["ckpt/model.ckpt-9458.pkl"], "signature": null}