{"created_at": "2025-07-25T04:08:40.249543+00:00", "train_time": 3623, "train_step": 6417, "platform": "tencent_kaiwu", "business": "competition", "user_id": 1, "team_id": 2, "project_code": "back_to_the_realm_v2", "project_version": "24.0.1", "task_id": "uuid", "algorithm": "target_dqn", "model_file_name": "back_to_the_realm_v2-target_dqn-6417-2025_07_25_12_08_40-24.0.1.zip", "model_file_hash": "3816980e4f5ddca27e318170e7819cfbc61b95dbefa43f4f146b2149f35ca4f4", "model_file_path": ["ckpt/model.ckpt-6417.pkl"], "signature": null}