{"created_at": "2025-08-08T07:04:24.099630+00:00", "train_time": 18078, "train_step": 27909, "platform": "tencent_kaiwu", "business": "competition", "user_id": 1, "team_id": 2, "project_code": "back_to_the_realm_v2", "project_version": "24.0.1", "task_id": "uuid", "algorithm": "target_dqn", "model_file_name": "back_to_the_realm_v2-target_dqn-27909-2025_08_08_15_04_24-24.0.1.zip", "model_file_hash": "cc29f731c8a2ea01701bcecf7164004eb354ebe74d47f0648712ea59c7172f2a", "model_file_path": ["ckpt/model.ckpt-27909.pkl"], "signature": null}