{"created_at": "2025-08-01T15:11:43.973282+00:00", "train_time": 21670, "train_step": 34320, "platform": "tencent_kaiwu", "business": "competition", "user_id": 1, "team_id": 2, "project_code": "back_to_the_realm_v2", "project_version": "24.0.1", "task_id": "uuid", "algorithm": "target_dqn", "model_file_name": "back_to_the_realm_v2-target_dqn-34320-2025_08_01_23_11_43-24.0.1.zip", "model_file_hash": "037e167563c99e840e9a811a43b1b72f4c06dd84709bb3ae63f9c99c07d75bc6", "model_file_path": ["ckpt/model.ckpt-34320.pkl"], "signature": null}