{"created_at": "2025-08-01T15:41:44.486882+00:00", "train_time": 23470, "train_step": 37192, "platform": "tencent_kaiwu", "business": "competition", "user_id": 1, "team_id": 2, "project_code": "back_to_the_realm_v2", "project_version": "24.0.1", "task_id": "uuid", "algorithm": "target_dqn", "model_file_name": "back_to_the_realm_v2-target_dqn-37192-2025_08_01_23_41_44-24.0.1.zip", "model_file_hash": "9e24912ebd80ce9f151ee955e2b3a01980c6cac701e79505d922182beba59b88", "model_file_path": ["ckpt/model.ckpt-37192.pkl"], "signature": null}