{"created_at": "2025-08-02T00:27:32.085813+00:00", "train_time": 25269, "train_step": 40148, "platform": "tencent_kaiwu", "business": "competition", "user_id": 1, "team_id": 2, "project_code": "back_to_the_realm_v2", "project_version": "24.0.1", "task_id": "uuid", "algorithm": "target_dqn", "model_file_name": "back_to_the_realm_v2-target_dqn-40148-2025_08_02_08_27_32-24.0.1.zip", "model_file_hash": "9919892b64c7ceb878dcd9af13fbd910cdbb909da66accb3d66c3e363556beb1", "model_file_path": ["ckpt/model.ckpt-40148.pkl"], "signature": null}