{"created_at": "2025-07-31T08:02:23.615896+00:00", "train_time": 81206, "train_step": 135803, "platform": "tencent_kaiwu", "business": "competition", "user_id": 1, "team_id": 2, "project_code": "back_to_the_realm_v2", "project_version": "24.0.1", "task_id": "uuid", "algorithm": "target_dqn", "model_file_name": "back_to_the_realm_v2-target_dqn-135803-2025_07_31_16_02_23-24.0.1.zip", "model_file_hash": "a17262437e6eb8da2ba419c0072f36f4ddb5a4aff49a6c31f44d60aad4c348a0", "model_file_path": ["ckpt/model.ckpt-135803.pkl"], "signature": null}