{"created_at": "2025-08-02T03:57:50.272003+00:00", "train_time": 37888, "train_step": 60116, "platform": "tencent_kaiwu", "business": "competition", "user_id": 1, "team_id": 2, "project_code": "back_to_the_realm_v2", "project_version": "24.0.1", "task_id": "uuid", "algorithm": "target_dqn", "model_file_name": "back_to_the_realm_v2-target_dqn-60116-2025_08_02_11_57_50-24.0.1.zip", "model_file_hash": "ac167d30733631689a170b74a265fe15f5f237e42e53451ef025b6f3414a2433", "model_file_path": ["ckpt/model.ckpt-60116.pkl"], "signature": null}