{"created_at": "2025-08-02T11:12:57.257863+00:00", "train_time": 30, "train_step": 0, "platform": "tencent_kaiwu", "business": "competition", "user_id": 1, "team_id": 2, "project_code": "back_to_the_realm_v2", "project_version": "24.0.1", "task_id": "uuid", "algorithm": "target_dqn", "model_file_name": "back_to_the_realm_v2-target_dqn-0-2025_08_02_19_12_57-24.0.1.zip", "model_file_hash": "a16d1cc00468ee35cbb7087f0302448ec88e6590660814f2ca3e8941f3cf9a39", "model_file_path": ["ckpt/model.ckpt-0.pkl"], "signature": null}