{"created_at": "2025-07-31T14:06:28.273021+00:00", "train_time": 19863, "train_step": 31338, "platform": "tencent_kaiwu", "business": "competition", "user_id": 1, "team_id": 2, "project_code": "back_to_the_realm_v2", "project_version": "24.0.1", "task_id": "uuid", "algorithm": "target_dqn", "model_file_name": "back_to_the_realm_v2-target_dqn-31338-2025_07_31_22_06_28-24.0.1.zip", "model_file_hash": "e44e4201d4d2dd574fbc046d4653d6be8ea7a83dba07eb5bd680820b7cc5bd43", "model_file_path": ["ckpt/model.ckpt-31338.pkl"], "signature": null}