{"created_at": "2025-08-01T22:57:28.006197+00:00", "train_time": 19865, "train_step": 31569, "platform": "tencent_kaiwu", "business": "competition", "user_id": 1, "team_id": 2, "project_code": "back_to_the_realm_v2", "project_version": "24.0.1", "task_id": "uuid", "algorithm": "target_dqn", "model_file_name": "back_to_the_realm_v2-target_dqn-31569-2025_08_02_06_57_28-24.0.1.zip", "model_file_hash": "e17502ec64e13ebfbda714f4b3b4748dfabe4621730127d1fbaf565d0aef6977", "model_file_path": ["ckpt/model.ckpt-31569.pkl"], "signature": null}