{"created_at": "2025-08-07T14:33:22.118926+00:00", "train_time": 7242, "train_step": 11348, "platform": "tencent_kaiwu", "business": "competition", "user_id": 1, "team_id": 2, "project_code": "back_to_the_realm_v2", "project_version": "24.0.1", "task_id": "uuid", "algorithm": "target_dqn", "model_file_name": "back_to_the_realm_v2-target_dqn-11348-2025_08_07_22_33_22-24.0.1.zip", "model_file_hash": "25c3e02498cdf7ab99235e8866e4456767a7cf48fea76e0d8646fd72647d7b99", "model_file_path": ["ckpt/model.ckpt-11348.pkl"], "signature": null}