{"created_at": "2025-08-04T11:18:57.480299+00:00", "train_time": 19895, "train_step": 31195, "platform": "tencent_kaiwu", "business": "competition", "user_id": 1, "team_id": 2, "project_code": "back_to_the_realm_v2", "project_version": "24.0.1", "task_id": "uuid", "algorithm": "target_dqn", "model_file_name": "back_to_the_realm_v2-target_dqn-31195-2025_08_04_19_18_57-24.0.1.zip", "model_file_hash": "54612d6805b8cf0f60196f8553be7d1a1f23c05ae076f65d8970ef19d22724c7", "model_file_path": ["ckpt/model.ckpt-31195.pkl"], "signature": null}