{"created_at": "2025-08-05T02:53:36.595086+00:00", "train_time": 35123, "train_step": 55690, "platform": "tencent_kaiwu", "business": "competition", "user_id": 1, "team_id": 2, "project_code": "back_to_the_realm_v2", "project_version": "24.0.1", "task_id": "uuid", "algorithm": "target_dqn", "model_file_name": "back_to_the_realm_v2-target_dqn-55690-2025_08_05_10_53_36-24.0.1.zip", "model_file_hash": "d6416fbba0a8a8092db522d9e8ddd10f57ffbcd471928e58ff3c96961eac69ec", "model_file_path": ["ckpt/model.ckpt-55690.pkl"], "signature": null}