{"created_at": "2025-08-07T03:49:55.578329+00:00", "train_time": 3646, "train_step": 5598, "platform": "tencent_kaiwu", "business": "competition", "user_id": 1, "team_id": 2, "project_code": "back_to_the_realm_v2", "project_version": "24.0.1", "task_id": "uuid", "algorithm": "target_dqn", "model_file_name": "back_to_the_realm_v2-target_dqn-5598-2025_08_07_11_49_55-24.0.1.zip", "model_file_hash": "26830fd35187a9feeae13bf222b0961dae1533080186ac8a89f6d6c7e9601e5a", "model_file_path": ["ckpt/model.ckpt-5598.pkl"], "signature": null}