{"created_at": "2025-08-08T04:33:48.349336+00:00", "train_time": 9042, "train_step": 13773, "platform": "tencent_kaiwu", "business": "competition", "user_id": 1, "team_id": 2, "project_code": "back_to_the_realm_v2", "project_version": "24.0.1", "task_id": "uuid", "algorithm": "target_dqn", "model_file_name": "back_to_the_realm_v2-target_dqn-13773-2025_08_08_12_33_48-24.0.1.zip", "model_file_hash": "c6f22bdf37eeb4eab6dab244380cd86a9b53dc0cc120430650b8af01e158b62a", "model_file_path": ["ckpt/model.ckpt-13773.pkl"], "signature": null}