{"created_at": "2025-07-28T13:46:04.778702+00:00", "train_time": 18, "train_step": 0, "platform": "tencent_kaiwu", "business": "competition", "user_id": 1, "team_id": 2, "project_code": "back_to_the_realm_v2", "project_version": "24.0.1", "task_id": "uuid", "algorithm": "target_dqn", "model_file_name": "back_to_the_realm_v2-target_dqn-0-2025_07_28_21_46_04-24.0.1.zip", "model_file_hash": "cdaf5eed55d403b581f092a8e0f5df6557114e4ae5a807c253db595d7b8e350e", "model_file_path": ["ckpt/model.ckpt-0.pkl"], "signature": null}