{"created_at": "2025-07-28T17:11:59.364335+00:00", "train_time": 12373, "train_step": 20375, "platform": "tencent_kaiwu", "business": "competition", "user_id": 1, "team_id": 2, "project_code": "back_to_the_realm_v2", "project_version": "24.0.1", "task_id": "uuid", "algorithm": "target_dqn", "model_file_name": "back_to_the_realm_v2-target_dqn-20375-2025_07_29_01_11_59-24.0.1.zip", "model_file_hash": "7fdac629d24fa52915b92e383c4c3be9fe50ac9e61411487798d59b61a7204eb", "model_file_path": ["ckpt/model.ckpt-20375.pkl"], "signature": null}