{"created_at": "2025-08-08T01:37:48.944694+00:00", "train_time": 47111, "train_step": 75582, "platform": "tencent_kaiwu", "business": "competition", "user_id": 1, "team_id": 2, "project_code": "back_to_the_realm_v2", "project_version": "24.0.1", "task_id": "uuid", "algorithm": "target_dqn", "model_file_name": "back_to_the_realm_v2-target_dqn-75582-2025_08_08_09_37_48-24.0.1.zip", "model_file_hash": "a86040e521ce532c753e54e5bac9c3414c22bd7cbf3ec2ac24580785db28d0b7", "model_file_path": ["ckpt/model.ckpt-75582.pkl"], "signature": null}