{"created_at": "2025-08-06T22:53:49.298136+00:00", "train_time": 23514, "train_step": 38118, "platform": "tencent_kaiwu", "business": "competition", "user_id": 1, "team_id": 2, "project_code": "back_to_the_realm_v2", "project_version": "24.0.1", "task_id": "uuid", "algorithm": "target_dqn", "model_file_name": "back_to_the_realm_v2-target_dqn-38118-2025_08_07_06_53_49-24.0.1.zip", "model_file_hash": "0fe2e508ccd0373a3ed34774b7261e22d03cf8dbd4d6e2a217ab6ca31a2a626c", "model_file_path": ["ckpt/model.ckpt-38118.pkl"], "signature": null}