{"created_at": "2025-08-02T15:58:31.693819+00:00", "train_time": 7278, "train_step": 11510, "platform": "tencent_kaiwu", "business": "competition", "user_id": 1, "team_id": 2, "project_code": "back_to_the_realm_v2", "project_version": "24.0.1", "task_id": "uuid", "algorithm": "target_dqn", "model_file_name": "back_to_the_realm_v2-target_dqn-11510-2025_08_02_23_58_31-24.0.1.zip", "model_file_hash": "3b0525d63de79ff94b2482dce3b0b1c94f0d6ce7351396fc0bb0e3120be0d896", "model_file_path": ["ckpt/model.ckpt-11510.pkl"], "signature": null}