{"created_at": "2025-07-28T14:46:15.744961+00:00", "train_time": 3629, "train_step": 6041, "platform": "tencent_kaiwu", "business": "competition", "user_id": 1, "team_id": 2, "project_code": "back_to_the_realm_v2", "project_version": "24.0.1", "task_id": "uuid", "algorithm": "target_dqn", "model_file_name": "back_to_the_realm_v2-target_dqn-6041-2025_07_28_22_46_15-24.0.1.zip", "model_file_hash": "2396d1f07e2fb966b4c593c4609406b80015905d67fd6fac14480dea8bc8df9d", "model_file_path": ["ckpt/model.ckpt-6041.pkl"], "signature": null}