{"created_at": "2025-07-25T03:38:35.766249+00:00", "train_time": 1818, "train_step": 3279, "platform": "tencent_kaiwu", "business": "competition", "user_id": 1, "team_id": 2, "project_code": "back_to_the_realm_v2", "project_version": "24.0.1", "task_id": "uuid", "algorithm": "target_dqn", "model_file_name": "back_to_the_realm_v2-target_dqn-3279-2025_07_25_11_38_35-24.0.1.zip", "model_file_hash": "e36383423126f63c1cff7b47c6494eb7cc96242f5d0650654f507eb4a8868728", "model_file_path": ["ckpt/model.ckpt-3279.pkl"], "signature": null}