{"created_at": "2025-07-29T02:54:30.965218+00:00", "train_time": 1822, "train_step": 3067, "platform": "tencent_kaiwu", "business": "competition", "user_id": 1, "team_id": 2, "project_code": "back_to_the_realm_v2", "project_version": "24.0.1", "task_id": "uuid", "algorithm": "target_dqn", "model_file_name": "back_to_the_realm_v2-target_dqn-3067-2025_07_29_10_54_30-24.0.1.zip", "model_file_hash": "53b822744ff8fff21a5fb6bdd76a2ac4caa7b5ec4004c3cb2e835627213231f1", "model_file_path": ["ckpt/model.ckpt-3067.pkl"], "signature": null}