{"created_at": "2025-08-01T18:57:02.151171+00:00", "train_time": 5438, "train_step": 8632, "platform": "tencent_kaiwu", "business": "competition", "user_id": 1, "team_id": 2, "project_code": "back_to_the_realm_v2", "project_version": "24.0.1", "task_id": "uuid", "algorithm": "target_dqn", "model_file_name": "back_to_the_realm_v2-target_dqn-8632-2025_08_02_02_57_02-24.0.1.zip", "model_file_hash": "15490ab2c5cdb0e764038bdbb9e4078f8e0efa11756fd463ef561c8d6696260d", "model_file_path": ["ckpt/model.ckpt-8632.pkl"], "signature": null}