{"created_at": "2025-07-30T20:00:38.913241+00:00", "train_time": 37899, "train_step": 62909, "platform": "tencent_kaiwu", "business": "competition", "user_id": 1, "team_id": 2, "project_code": "back_to_the_realm_v2", "project_version": "24.0.1", "task_id": "uuid", "algorithm": "target_dqn", "model_file_name": "back_to_the_realm_v2-target_dqn-62909-2025_07_31_04_00_38-24.0.1.zip", "model_file_hash": "34338b02e967a4d86bd11f042aa89853c09b9cdbf906bea0aabe36caf7812801", "model_file_path": ["ckpt/model.ckpt-62909.pkl"], "signature": null}