{"created_at": "2025-08-05T09:31:13.887487+00:00", "train_time": 21690, "train_step": 33953, "platform": "tencent_kaiwu", "business": "competition", "user_id": 1, "team_id": 2, "project_code": "back_to_the_realm_v2", "project_version": "24.0.1", "task_id": "uuid", "algorithm": "target_dqn", "model_file_name": "back_to_the_realm_v2-target_dqn-33953-2025_08_05_17_31_13-24.0.1.zip", "model_file_hash": "0c26c63a9c7beaa349ec97139f1ed11d2ce29ec42d61366feefef39cf5e49918", "model_file_path": ["ckpt/model.ckpt-33953.pkl"], "signature": null}