{"created_at": "2025-08-07T16:33:39.574175+00:00", "train_time": 14460, "train_step": 22560, "platform": "tencent_kaiwu", "business": "competition", "user_id": 1, "team_id": 2, "project_code": "back_to_the_realm_v2", "project_version": "24.0.1", "task_id": "uuid", "algorithm": "target_dqn", "model_file_name": "back_to_the_realm_v2-target_dqn-22560-2025_08_08_00_33_39-24.0.1.zip", "model_file_hash": "5775342fbb573543b72cb64960657b0284f555e30044493ff0f0faa37fe57854", "model_file_path": ["ckpt/model.ckpt-22560.pkl"], "signature": null}