{"created_at": "2025-08-07T23:36:41.101555+00:00", "train_time": 39842, "train_step": 63747, "platform": "tencent_kaiwu", "business": "competition", "user_id": 1, "team_id": 2, "project_code": "back_to_the_realm_v2", "project_version": "24.0.1", "task_id": "uuid", "algorithm": "target_dqn", "model_file_name": "back_to_the_realm_v2-target_dqn-63747-2025_08_08_07_36_41-24.0.1.zip", "model_file_hash": "30190205c524ee471ffce43f10b3a677673b02cd82d59b7cc2f480dae577675e", "model_file_path": ["ckpt/model.ckpt-63747.pkl"], "signature": null}