{"created_at": "2025-08-03T12:16:36.240608+00:00", "train_time": 10852, "train_step": 17281, "platform": "tencent_kaiwu", "business": "competition", "user_id": 1, "team_id": 2, "project_code": "back_to_the_realm_v2", "project_version": "24.0.1", "task_id": "uuid", "algorithm": "target_dqn", "model_file_name": "back_to_the_realm_v2-target_dqn-17281-2025_08_03_20_16_36-24.0.1.zip", "model_file_hash": "2d2b42a0fc52d9b15a9029e125d9cdab91a27bf4a19c7de9265edff36f1820f0", "model_file_path": ["ckpt/model.ckpt-17281.pkl"], "signature": null}