{"created_at": "2025-07-30T14:30:10.564246+00:00", "train_time": 18062, "train_step": 29966, "platform": "tencent_kaiwu", "business": "competition", "user_id": 1, "team_id": 2, "project_code": "back_to_the_realm_v2", "project_version": "24.0.1", "task_id": "uuid", "algorithm": "target_dqn", "model_file_name": "back_to_the_realm_v2-target_dqn-29966-2025_07_30_22_30_10-24.0.1.zip", "model_file_hash": "89696c2c6db7da3b8687eaae6873bd70fbd908823f7a5f23498bc056be9ceee3", "model_file_path": ["ckpt/model.ckpt-29966.pkl"], "signature": null}