{"created_at": "2025-07-25T04:25:22.693554+00:00", "train_time": 14, "train_step": 0, "platform": "tencent_kaiwu", "business": "competition", "user_id": 1, "team_id": 2, "project_code": "back_to_the_realm_v2", "project_version": "24.0.1", "task_id": "uuid", "algorithm": "target_dqn", "model_file_name": "back_to_the_realm_v2-target_dqn-0-2025_07_25_12_25_22-24.0.1.zip", "model_file_hash": "d1e9c382b072dae15bdc1ece71fc00032723c5a1d2c109ba4eee8451c427d6fe", "model_file_path": ["ckpt/model.ckpt-0.pkl"], "signature": null}