{"created_at": "2025-08-07T13:33:14.822389+00:00", "train_time": 3635, "train_step": 5663, "platform": "tencent_kaiwu", "business": "competition", "user_id": 1, "team_id": 2, "project_code": "back_to_the_realm_v2", "project_version": "24.0.1", "task_id": "uuid", "algorithm": "target_dqn", "model_file_name": "back_to_the_realm_v2-target_dqn-5663-2025_08_07_21_33_14-24.0.1.zip", "model_file_hash": "fe29e548cf1939d56aa45112066368863416e6155033d7bbc43c07b6ed68e0f6", "model_file_path": ["ckpt/model.ckpt-5663.pkl"], "signature": null}