{"created_at": "2025-07-30T18:30:35.624100+00:00", "train_time": 32496, "train_step": 53803, "platform": "tencent_kaiwu", "business": "competition", "user_id": 1, "team_id": 2, "project_code": "back_to_the_realm_v2", "project_version": "24.0.1", "task_id": "uuid", "algorithm": "target_dqn", "model_file_name": "back_to_the_realm_v2-target_dqn-53803-2025_07_31_02_30_35-24.0.1.zip", "model_file_hash": "08ca9527d6d05cfd82ed724f576a06659df8d9eee9c5c9f86329e5fde8aec02a", "model_file_path": ["ckpt/model.ckpt-53803.pkl"], "signature": null}