{"created_at": "2025-08-07T10:49:58.461204+00:00", "train_time": 5445, "train_step": 8533, "platform": "tencent_kaiwu", "business": "competition", "user_id": 1, "team_id": 2, "project_code": "back_to_the_realm_v2", "project_version": "24.0.1", "task_id": "uuid", "algorithm": "target_dqn", "model_file_name": "back_to_the_realm_v2-target_dqn-8533-2025_08_07_18_49_58-24.0.1.zip", "model_file_hash": "12e5e31c7750447a3b4aba8a2c9da92ec2fc7cb459949545b49b38ea53f74645", "model_file_path": ["ckpt/model.ckpt-8533.pkl"], "signature": null}