{"created_at": "2025-08-07T06:14:34.770038+00:00", "train_time": 4, "train_step": 0, "platform": "tencent_kaiwu", "business": "competition", "user_id": 1, "team_id": 2, "project_code": "back_to_the_realm_v2", "project_version": "24.0.1", "task_id": "uuid", "algorithm": "target_dqn", "model_file_name": "back_to_the_realm_v2-target_dqn-0-2025_08_07_14_14_34-24.0.1.zip", "model_file_hash": "2f2da8d4082d2348b5b8a30b561f3ee91cf9ab8b12a1887d52330cb46b70a8e3", "model_file_path": ["ckpt/model.ckpt-0.pkl"], "signature": null}