{"created_at": "2025-07-28T10:49:10.730836+00:00", "train_time": 9043, "train_step": 14906, "platform": "tencent_kaiwu", "business": "competition", "user_id": 1, "team_id": 2, "project_code": "back_to_the_realm_v2", "project_version": "24.0.1", "task_id": "uuid", "algorithm": "dqn", "model_file_name": "back_to_the_realm_v2-dqn-14906-2025_07_28_18_49_10-24.0.1.zip", "model_file_hash": "912e1900bfed688b5f6781196222a4eda094224a33c36104b87241aec5990e8c", "model_file_path": ["ckpt/model.ckpt-14906.pkl"], "signature": null}