{"created_at": "2025-07-30T01:56:34.987192+00:00", "train_time": 32528, "train_step": 54834, "platform": "tencent_kaiwu", "business": "competition", "user_id": 1, "team_id": 2, "project_code": "back_to_the_realm_v2", "project_version": "24.0.1", "task_id": "uuid", "algorithm": "target_dqn", "model_file_name": "back_to_the_realm_v2-target_dqn-54834-2025_07_30_09_56_34-24.0.1.zip", "model_file_hash": "eb09d1a7d46e24cbd3cbafe6a046300c46f954193e3150c304697e93d1e4f12a", "model_file_path": ["ckpt/model.ckpt-54834.pkl"], "signature": null}