{"created_at": "2025-08-02T02:57:49.537294+00:00", "train_time": 34287, "train_step": 54415, "platform": "tencent_kaiwu", "business": "competition", "user_id": 1, "team_id": 2, "project_code": "back_to_the_realm_v2", "project_version": "24.0.1", "task_id": "uuid", "algorithm": "target_dqn", "model_file_name": "back_to_the_realm_v2-target_dqn-54415-2025_08_02_10_57_49-24.0.1.zip", "model_file_hash": "afe2190bf3f27667c3e9c899f2147595392d9b7ab73ced405ddae2cf980075d9", "model_file_path": ["ckpt/model.ckpt-54415.pkl"], "signature": null}