{"created_at": "2025-08-04T21:39:49.522756+00:00", "train_time": 16295, "train_step": 25895, "platform": "tencent_kaiwu", "business": "competition", "user_id": 1, "team_id": 2, "project_code": "back_to_the_realm_v2", "project_version": "24.0.1", "task_id": "uuid", "algorithm": "target_dqn", "model_file_name": "back_to_the_realm_v2-target_dqn-25895-2025_08_05_05_39_49-24.0.1.zip", "model_file_hash": "4320a86bbd8194e3fd0b7a4b8e33cff41cb25d5f6c7500317e2d90534280127e", "model_file_path": ["ckpt/model.ckpt-25895.pkl"], "signature": null}