{"created_at": "2025-08-03T05:10:33.662030+00:00", "train_time": 3628, "train_step": 5718, "platform": "tencent_kaiwu", "business": "competition", "user_id": 1, "team_id": 2, "project_code": "back_to_the_realm_v2", "project_version": "24.0.1", "task_id": "uuid", "algorithm": "target_dqn", "model_file_name": "back_to_the_realm_v2-target_dqn-5718-2025_08_03_13_10_33-24.0.1.zip", "model_file_hash": "5f427ab1124868d84a56540e9b26d7acafb8a29ee0d9d802dddd6215ac82d489", "model_file_path": ["ckpt/model.ckpt-5718.pkl"], "signature": null}