{"created_at": "2025-08-04T16:19:19.302672+00:00", "train_time": 9022, "train_step": 14106, "platform": "tencent_kaiwu", "business": "competition", "user_id": 1, "team_id": 2, "project_code": "back_to_the_realm_v2", "project_version": "24.0.1", "task_id": "uuid", "algorithm": "target_dqn", "model_file_name": "back_to_the_realm_v2-target_dqn-14106-2025_08_05_00_19_19-24.0.1.zip", "model_file_hash": "1fe2444f1a12d20fa2cbfd954f96629bf1f52b929d17fa4f63ad9473f31905e2", "model_file_path": ["ckpt/model.ckpt-14106.pkl"], "signature": null}