{"created_at": "2025-07-31T04:01:49.518516+00:00", "train_time": 66771, "train_step": 111498, "platform": "tencent_kaiwu", "business": "competition", "user_id": 1, "team_id": 2, "project_code": "back_to_the_realm_v2", "project_version": "24.0.1", "task_id": "uuid", "algorithm": "target_dqn", "model_file_name": "back_to_the_realm_v2-target_dqn-111498-2025_07_31_12_01_49-24.0.1.zip", "model_file_hash": "55f9e484462f879d82d064a3ea730fb14082ec3cfe78a584fee1c64a64acad67", "model_file_path": ["ckpt/model.ckpt-111498.pkl"], "signature": null}