{"created_at": "2025-08-04T01:14:39.340900+00:00", "train_time": 29518, "train_step": 32051, "platform": "tencent_kaiwu", "business": "competition", "user_id": 1, "team_id": 2, "project_code": "back_to_the_realm_v2", "project_version": "24.0.1", "task_id": "uuid", "algorithm": "target_dqn", "model_file_name": "back_to_the_realm_v2-target_dqn-32051-2025_08_04_09_14_39-24.0.1.zip", "model_file_hash": "361ecf50324b70cde2ed062f96ea90b9d6a08ee0bf39bd574865eab07bb5c414", "model_file_path": ["ckpt/model.ckpt-32051.pkl"], "signature": null}