{"created_at": "2025-08-01T20:57:22.243473+00:00", "train_time": 12658, "train_step": 20118, "platform": "tencent_kaiwu", "business": "competition", "user_id": 1, "team_id": 2, "project_code": "back_to_the_realm_v2", "project_version": "24.0.1", "task_id": "uuid", "algorithm": "target_dqn", "model_file_name": "back_to_the_realm_v2-target_dqn-20118-2025_08_02_04_57_22-24.0.1.zip", "model_file_hash": "f3a4c6a4b8304ebc795a77aab3c449ccca7b44d25d15eca98acf2c009c36ef1d", "model_file_path": ["ckpt/model.ckpt-20118.pkl"], "signature": null}