{"created_at": "2025-07-25T05:25:26.568921+00:00", "train_time": 3618, "train_step": 6117, "platform": "tencent_kaiwu", "business": "competition", "user_id": 1, "team_id": 2, "project_code": "back_to_the_realm_v2", "project_version": "24.0.1", "task_id": "uuid", "algorithm": "target_dqn", "model_file_name": "back_to_the_realm_v2-target_dqn-6117-2025_07_25_13_25_26-24.0.1.zip", "model_file_hash": "56a0a2bcc3c65cf670c1699167464957d22c9b81884011be7f63e8dbd0822258", "model_file_path": ["ckpt/model.ckpt-6117.pkl"], "signature": null}