{"created_at": "2025-07-30T09:59:26.038226+00:00", "train_time": 1816, "train_step": 2972, "platform": "tencent_kaiwu", "business": "competition", "user_id": 1, "team_id": 2, "project_code": "back_to_the_realm_v2", "project_version": "24.0.1", "task_id": "uuid", "algorithm": "target_dqn", "model_file_name": "back_to_the_realm_v2-target_dqn-2972-2025_07_30_17_59_26-24.0.1.zip", "model_file_hash": "3e08e20be792927ee38d495801247a6613dec8099cc850d03fe42a46c6fdbb02", "model_file_path": ["ckpt/model.ckpt-2972.pkl"], "signature": null}