{"created_at": "2025-08-06T01:24:48.823796+00:00", "train_time": 30721, "train_step": 48325, "platform": "tencent_kaiwu", "business": "competition", "user_id": 1, "team_id": 2, "project_code": "back_to_the_realm_v2", "project_version": "24.0.1", "task_id": "uuid", "algorithm": "target_dqn", "model_file_name": "back_to_the_realm_v2-target_dqn-48325-2025_08_06_09_24_48-24.0.1.zip", "model_file_hash": "c944a07190ceb455507ed115a1b57241a54d2056df303495486799ed0213d201", "model_file_path": ["ckpt/model.ckpt-48325.pkl"], "signature": null}