{"created_at": "2025-08-03T19:06:49.018409+00:00", "train_time": 13885, "train_step": 21834, "platform": "tencent_kaiwu", "business": "competition", "user_id": 1, "team_id": 2, "project_code": "back_to_the_realm_v2", "project_version": "24.0.1", "task_id": "uuid", "algorithm": "target_dqn", "model_file_name": "back_to_the_realm_v2-target_dqn-21834-2025_08_04_03_06_49-24.0.1.zip", "model_file_hash": "5c131319000507b27a8ac844b15a8b70f3876278522a4a54ff0449b9dd4acb28", "model_file_path": ["ckpt/model.ckpt-21834.pkl"], "signature": null}