{"created_at": "2025-08-06T03:35:49.229476+00:00", "train_time": 38532, "train_step": 60401, "platform": "tencent_kaiwu", "business": "competition", "user_id": 1, "team_id": 2, "project_code": "back_to_the_realm_v2", "project_version": "24.0.1", "task_id": "uuid", "algorithm": "target_dqn", "model_file_name": "back_to_the_realm_v2-target_dqn-60401-2025_08_06_11_35_49-24.0.1.zip", "model_file_hash": "8eda52d7f0606f646f03b4d92494dcc27c0445158139a269db76e138b00327de", "model_file_path": ["ckpt/model.ckpt-60401.pkl"], "signature": null}