{"created_at": "2025-08-05T01:40:04.366082+00:00", "train_time": 30710, "train_step": 48843, "platform": "tencent_kaiwu", "business": "competition", "user_id": 1, "team_id": 2, "project_code": "back_to_the_realm_v2", "project_version": "24.0.1", "task_id": "uuid", "algorithm": "target_dqn", "model_file_name": "back_to_the_realm_v2-target_dqn-48843-2025_08_05_09_40_04-24.0.1.zip", "model_file_hash": "c3c55727fd270545247b6b148da96afc23c670d42b8f70fa2fdb34a0bbf011a2", "model_file_path": ["ckpt/model.ckpt-48843.pkl"], "signature": null}