{"created_at": "2025-08-02T12:43:24.618930+00:00", "train_time": 5457, "train_step": 8643, "platform": "tencent_kaiwu", "business": "competition", "user_id": 1, "team_id": 2, "project_code": "back_to_the_realm_v2", "project_version": "24.0.1", "task_id": "uuid", "algorithm": "target_dqn", "model_file_name": "back_to_the_realm_v2-target_dqn-8643-2025_08_02_20_43_24-24.0.1.zip", "model_file_hash": "9116e93c4cdbc47a2c6efdaf901780268abb1a6ffcc500670d8ba1c416ba933f", "model_file_path": ["ckpt/model.ckpt-8643.pkl"], "signature": null}