{"created_at": "2025-07-31T00:01:25.097958+00:00", "train_time": 52346, "train_step": 87244, "platform": "tencent_kaiwu", "business": "competition", "user_id": 1, "team_id": 2, "project_code": "back_to_the_realm_v2", "project_version": "24.0.1", "task_id": "uuid", "algorithm": "target_dqn", "model_file_name": "back_to_the_realm_v2-target_dqn-87244-2025_07_31_08_01_25-24.0.1.zip", "model_file_hash": "00f38b5f699b5be86010629911888a02ca672934f21db3a9f2145ae2de002bb8", "model_file_path": ["ckpt/model.ckpt-87244.pkl"], "signature": null}