{"created_at": "2025-08-03T14:33:49.009428+00:00", "train_time": 14, "train_step": 0, "platform": "tencent_kaiwu", "business": "competition", "user_id": 1, "team_id": 2, "project_code": "back_to_the_realm_v2", "project_version": "24.0.1", "task_id": "uuid", "algorithm": "target_dqn", "model_file_name": "back_to_the_realm_v2-target_dqn-0-2025_08_03_22_33_49-24.0.1.zip", "model_file_hash": "aa69cc46662b116bf13514622c43a2780c6465ac595ba9309964a1df5d0380bb", "model_file_path": ["ckpt/model.ckpt-0.pkl"], "signature": null}