{"created_at": "2025-08-01T19:57:12.298753+00:00", "train_time": 9048, "train_step": 14379, "platform": "tencent_kaiwu", "business": "competition", "user_id": 1, "team_id": 2, "project_code": "back_to_the_realm_v2", "project_version": "24.0.1", "task_id": "uuid", "algorithm": "target_dqn", "model_file_name": "back_to_the_realm_v2-target_dqn-14379-2025_08_02_03_57_12-24.0.1.zip", "model_file_hash": "949b489b56e6cdb7602c3bc6d277ffd8af975f91f3643c1fc32ef5ab783f1e12", "model_file_path": ["ckpt/model.ckpt-14379.pkl"], "signature": null}