{"created_at": "2025-08-01T17:26:28.168950+00:00", "train_time": 4, "train_step": 0, "platform": "tencent_kaiwu", "business": "competition", "user_id": 1, "team_id": 2, "project_code": "back_to_the_realm_v2", "project_version": "24.0.1", "task_id": "uuid", "algorithm": "target_dqn", "model_file_name": "back_to_the_realm_v2-target_dqn-0-2025_08_02_01_26_28-24.0.1.zip", "model_file_hash": "7ac82886bfedf02c86324ead1ef2f3f43c7e35a636495bd3c6ee432a160250c5", "model_file_path": ["ckpt/model.ckpt-0.pkl"], "signature": null}