{"created_at": "2025-08-05T20:54:01.740384+00:00", "train_time": 14473, "train_step": 22830, "platform": "tencent_kaiwu", "business": "competition", "user_id": 1, "team_id": 2, "project_code": "back_to_the_realm_v2", "project_version": "24.0.1", "task_id": "uuid", "algorithm": "target_dqn", "model_file_name": "back_to_the_realm_v2-target_dqn-22830-2025_08_06_04_54_01-24.0.1.zip", "model_file_hash": "fe86d989beb4ad9138f0374977db4cfe45398ab364cd42efd378e3dfbdf8445e", "model_file_path": ["ckpt/model.ckpt-22830.pkl"], "signature": null}