{"created_at": "2025-07-31T00:31:25.095901+00:00", "train_time": 54146, "train_step": 90239, "platform": "tencent_kaiwu", "business": "competition", "user_id": 1, "team_id": 2, "project_code": "back_to_the_realm_v2", "project_version": "24.0.1", "task_id": "uuid", "algorithm": "target_dqn", "model_file_name": "back_to_the_realm_v2-target_dqn-90239-2025_07_31_08_31_25-24.0.1.zip", "model_file_hash": "bde418a7d120eeab9b1422b3a2954b128edf757cfa8127d9d239963a881c840d", "model_file_path": ["ckpt/model.ckpt-90239.pkl"], "signature": null}