{"created_at": "2025-08-07T06:10:00.037261+00:00", "train_time": 5121, "train_step": 8050, "platform": "tencent_kaiwu", "business": "competition", "user_id": 1, "team_id": 2, "project_code": "back_to_the_realm_v2", "project_version": "24.0.1", "task_id": "uuid", "algorithm": "target_dqn", "model_file_name": "back_to_the_realm_v2-target_dqn-8050-2025_08_07_14_10_00-24.0.1.zip", "model_file_hash": "ed84a402f8a489ede0e31750d9a1aefcfcef778b92595275329c61cd20d2d9ef", "model_file_path": ["ckpt/model.ckpt-8050.pkl"], "signature": null}