{"created_at": "2025-08-03T07:41:53.560884+00:00", "train_time": 12709, "train_step": 20260, "platform": "tencent_kaiwu", "business": "competition", "user_id": 1, "team_id": 2, "project_code": "back_to_the_realm_v2", "project_version": "24.0.1", "task_id": "uuid", "algorithm": "target_dqn", "model_file_name": "back_to_the_realm_v2-target_dqn-20260-2025_08_03_15_41_53-24.0.1.zip", "model_file_hash": "20cd373ea7c0415698ca13d79dda3fafd2e3628898ae5585f913da8e9e295beb", "model_file_path": ["ckpt/model.ckpt-20260.pkl"], "signature": null}