{"created_at": "2025-08-01T16:11:47.281804+00:00", "train_time": 25273, "train_step": 40057, "platform": "tencent_kaiwu", "business": "competition", "user_id": 1, "team_id": 2, "project_code": "back_to_the_realm_v2", "project_version": "24.0.1", "task_id": "uuid", "algorithm": "target_dqn", "model_file_name": "back_to_the_realm_v2-target_dqn-40057-2025_08_02_00_11_47-24.0.1.zip", "model_file_hash": "aea95d597ab36809410075180b15a43801663596c387cf371380885de4be3323", "model_file_path": ["ckpt/model.ckpt-40057.pkl"], "signature": null}