{"created_at": "2025-07-31T01:31:31.957291+00:00", "train_time": 57753, "train_step": 96311, "platform": "tencent_kaiwu", "business": "competition", "user_id": 1, "team_id": 2, "project_code": "back_to_the_realm_v2", "project_version": "24.0.1", "task_id": "uuid", "algorithm": "target_dqn", "model_file_name": "back_to_the_realm_v2-target_dqn-96311-2025_07_31_09_31_31-24.0.1.zip", "model_file_hash": "41fe098eb859b9caae712215ef35014eac9ebec510e68a417237081305e75d0e", "model_file_path": ["ckpt/model.ckpt-96311.pkl"], "signature": null}