{"created_at": "2025-08-01T13:41:34.795000+00:00", "train_time": 16260, "train_step": 25714, "platform": "tencent_kaiwu", "business": "competition", "user_id": 1, "team_id": 2, "project_code": "back_to_the_realm_v2", "project_version": "24.0.1", "task_id": "uuid", "algorithm": "target_dqn", "model_file_name": "back_to_the_realm_v2-target_dqn-25714-2025_08_01_21_41_34-24.0.1.zip", "model_file_hash": "aeb4d7b01b7a8b87269fb1e43fe132ed8823064d32586c81bf7eae35385666b4", "model_file_path": ["ckpt/model.ckpt-25714.pkl"], "signature": null}