{"created_at": "2025-07-31T08:35:31.487198+00:00", "train_time": 5, "train_step": 0, "platform": "tencent_kaiwu", "business": "competition", "user_id": 1, "team_id": 2, "project_code": "back_to_the_realm_v2", "project_version": "24.0.1", "task_id": "uuid", "algorithm": "target_dqn", "model_file_name": "back_to_the_realm_v2-target_dqn-0-2025_07_31_16_35_31-24.0.1.zip", "model_file_hash": "2895a5891da734ebd11594c3da7aafa4d3243dd22c803a6765d78c2d88fb943f", "model_file_path": ["ckpt/model.ckpt-0.pkl"], "signature": null}