{"created_at": "2025-08-04T00:13:34.518078+00:00", "train_time": 26111, "train_step": 28281, "platform": "tencent_kaiwu", "business": "competition", "user_id": 1, "team_id": 2, "project_code": "back_to_the_realm_v2", "project_version": "24.0.1", "task_id": "uuid", "algorithm": "target_dqn", "model_file_name": "back_to_the_realm_v2-target_dqn-28281-2025_08_04_08_13_34-24.0.1.zip", "model_file_hash": "0721b1c17805a26ed328a59519621987a75003acc15e3bf4b6270ae42761f82e", "model_file_path": ["ckpt/model.ckpt-28281.pkl"], "signature": null}