{"created_at": "2025-08-02T14:27:59.482981+00:00", "train_time": 1846, "train_step": 2878, "platform": "tencent_kaiwu", "business": "competition", "user_id": 1, "team_id": 2, "project_code": "back_to_the_realm_v2", "project_version": "24.0.1", "task_id": "uuid", "algorithm": "target_dqn", "model_file_name": "back_to_the_realm_v2-target_dqn-2878-2025_08_02_22_27_59-24.0.1.zip", "model_file_hash": "38994566aa779919f31ff83ada6deeb8b798d6b6a066cfe5ed664bbe309d0625", "model_file_path": ["ckpt/model.ckpt-2878.pkl"], "signature": null}