{"created_at": "2025-08-08T15:06:27.706790+00:00", "train_time": 47003, "train_step": 72966, "platform": "tencent_kaiwu", "business": "competition", "user_id": 1, "team_id": 2, "project_code": "back_to_the_realm_v2", "project_version": "24.0.1", "task_id": "uuid", "algorithm": "target_dqn", "model_file_name": "back_to_the_realm_v2-target_dqn-72966-2025_08_08_23_06_27-24.0.1.zip", "model_file_hash": "d779b0a701546e1a7aeb10b446b644383968609c2d61e7b76281ad0a7704959b", "model_file_path": ["ckpt/model.ckpt-72966.pkl"], "signature": null}