{"created_at": "2025-08-06T05:33:16.186423+00:00", "train_time": 5430, "train_step": 8464, "platform": "tencent_kaiwu", "business": "competition", "user_id": 1, "team_id": 2, "project_code": "back_to_the_realm_v2", "project_version": "24.0.1", "task_id": "uuid", "algorithm": "target_dqn", "model_file_name": "back_to_the_realm_v2-target_dqn-8464-2025_08_06_13_33_16-24.0.1.zip", "model_file_hash": "b243bd529d2a15032e30d73bb327c7a53d6006f93bb8dc9a7a850a1163f564ef", "model_file_path": ["ckpt/model.ckpt-8464.pkl"], "signature": null}