{"created_at": "2025-08-04T01:09:51.999306+00:00", "train_time": 35669, "train_step": 56324, "platform": "tencent_kaiwu", "business": "competition", "user_id": 1, "team_id": 2, "project_code": "back_to_the_realm_v2", "project_version": "24.0.1", "task_id": "uuid", "algorithm": "target_dqn", "model_file_name": "back_to_the_realm_v2-target_dqn-56324-2025_08_04_09_09_51-24.0.1.zip", "model_file_hash": "10075bb7a0e32ed7e6dae5ddbfc7ef6f0e2783ad65d4b1f625a7e3db5a2c9d6e", "model_file_path": ["ckpt/model.ckpt-56324.pkl"], "signature": null}