{"created_at": "2025-08-05T16:01:25.927236+00:00", "train_time": 45111, "train_step": 70494, "platform": "tencent_kaiwu", "business": "competition", "user_id": 1, "team_id": 2, "project_code": "back_to_the_realm_v2", "project_version": "24.0.1", "task_id": "uuid", "algorithm": "target_dqn", "model_file_name": "back_to_the_realm_v2-target_dqn-70494-2025_08_06_00_01_25-24.0.1.zip", "model_file_hash": "eb533b16a36fffd10a4aa9987082e53722a4cd4839e6184c70cedb165f97a540", "model_file_path": ["ckpt/model.ckpt-70494.pkl"], "signature": null}