{"created_at": "2025-07-30T04:27:11.798559+00:00", "train_time": 41565, "train_step": 69654, "platform": "tencent_kaiwu", "business": "competition", "user_id": 1, "team_id": 2, "project_code": "back_to_the_realm_v2", "project_version": "24.0.1", "task_id": "uuid", "algorithm": "target_dqn", "model_file_name": "back_to_the_realm_v2-target_dqn-69654-2025_07_30_12_27_11-24.0.1.zip", "model_file_hash": "8c7870fcb4f9165326a3a1387e47ccdefdaa53dead9d8a76de75f497c48d28f3", "model_file_path": ["ckpt/model.ckpt-69654.pkl"], "signature": null}