{"created_at": "2025-08-07T20:35:00.508793+00:00", "train_time": 28941, "train_step": 45989, "platform": "tencent_kaiwu", "business": "competition", "user_id": 1, "team_id": 2, "project_code": "back_to_the_realm_v2", "project_version": "24.0.1", "task_id": "uuid", "algorithm": "target_dqn", "model_file_name": "back_to_the_realm_v2-target_dqn-45989-2025_08_08_04_35_00-24.0.1.zip", "model_file_hash": "8fa2ccc73ebdf9265adb216581208a12eedbc3c79e88fa72c868590d77660a2d", "model_file_path": ["ckpt/model.ckpt-45989.pkl"], "signature": null}