{"created_at": "2025-07-30T19:30:38.733050+00:00", "train_time": 36099, "train_step": 59874, "platform": "tencent_kaiwu", "business": "competition", "user_id": 1, "team_id": 2, "project_code": "back_to_the_realm_v2", "project_version": "24.0.1", "task_id": "uuid", "algorithm": "target_dqn", "model_file_name": "back_to_the_realm_v2-target_dqn-59874-2025_07_31_03_30_38-24.0.1.zip", "model_file_hash": "957c6103fab5e4902fcedc1640d73b6548262fcf604a0f78010ca4a77b51a57a", "model_file_path": ["ckpt/model.ckpt-59874.pkl"], "signature": null}