{"created_at": "2025-08-02T22:29:16.859972+00:00", "train_time": 30724, "train_step": 48944, "platform": "tencent_kaiwu", "business": "competition", "user_id": 1, "team_id": 2, "project_code": "back_to_the_realm_v2", "project_version": "24.0.1", "task_id": "uuid", "algorithm": "target_dqn", "model_file_name": "back_to_the_realm_v2-target_dqn-48944-2025_08_03_06_29_16-24.0.1.zip", "model_file_hash": "9daab139307be67d7edcb050366e9b5c48e43fe9558e3374825e7fc2d54863ad", "model_file_path": ["ckpt/model.ckpt-48944.pkl"], "signature": null}