{"created_at": "2025-08-05T04:30:21.433409+00:00", "train_time": 3636, "train_step": 5721, "platform": "tencent_kaiwu", "business": "competition", "user_id": 1, "team_id": 2, "project_code": "back_to_the_realm_v2", "project_version": "24.0.1", "task_id": "uuid", "algorithm": "target_dqn", "model_file_name": "back_to_the_realm_v2-target_dqn-5721-2025_08_05_12_30_21-24.0.1.zip", "model_file_hash": "4162a81a00ebc50eba94394b083762eccd2c00a45f7ba5a1f451d038fdd59e42", "model_file_path": ["ckpt/model.ckpt-5721.pkl"], "signature": null}