{"created_at": "2025-08-06T12:33:55.865740+00:00", "train_time": 30671, "train_step": 47660, "platform": "tencent_kaiwu", "business": "competition", "user_id": 1, "team_id": 2, "project_code": "back_to_the_realm_v2", "project_version": "24.0.1", "task_id": "uuid", "algorithm": "target_dqn", "model_file_name": "back_to_the_realm_v2-target_dqn-47660-2025_08_06_20_33_55-24.0.1.zip", "model_file_hash": "13f168f96a3d1a527777a917b2efac39385c98f80eb4519f99fd13c0eb489a7d", "model_file_path": ["ckpt/model.ckpt-47660.pkl"], "signature": null}