{"created_at": "2025-08-06T19:52:50.204301+00:00", "train_time": 12655, "train_step": 20397, "platform": "tencent_kaiwu", "business": "competition", "user_id": 1, "team_id": 2, "project_code": "back_to_the_realm_v2", "project_version": "24.0.1", "task_id": "uuid", "algorithm": "target_dqn", "model_file_name": "back_to_the_realm_v2-target_dqn-20397-2025_08_07_03_52_50-24.0.1.zip", "model_file_hash": "3990b1f906b9b96011976bffc03c01afd234e75fe71eb575f96c8f53974012bc", "model_file_path": ["ckpt/model.ckpt-20397.pkl"], "signature": null}