{"created_at": "2025-07-30T19:00:36.014490+00:00", "train_time": 34296, "train_step": 56835, "platform": "tencent_kaiwu", "business": "competition", "user_id": 1, "team_id": 2, "project_code": "back_to_the_realm_v2", "project_version": "24.0.1", "task_id": "uuid", "algorithm": "target_dqn", "model_file_name": "back_to_the_realm_v2-target_dqn-56835-2025_07_31_03_00_36-24.0.1.zip", "model_file_hash": "62e60f95fcffc7dab6dc38ac6c7823eeba7121cf8216c45d13787ad7e4b1a1ff", "model_file_path": ["ckpt/model.ckpt-56835.pkl"], "signature": null}