{"created_at": "2025-08-01T14:41:43.097831+00:00", "train_time": 19869, "train_step": 31448, "platform": "tencent_kaiwu", "business": "competition", "user_id": 1, "team_id": 2, "project_code": "back_to_the_realm_v2", "project_version": "24.0.1", "task_id": "uuid", "algorithm": "target_dqn", "model_file_name": "back_to_the_realm_v2-target_dqn-31448-2025_08_01_22_41_43-24.0.1.zip", "model_file_hash": "fd610e41071bc339202afc7c976a5b88b3955c3ac671c5af865d43732d033d46", "model_file_path": ["ckpt/model.ckpt-31448.pkl"], "signature": null}