{"created_at": "2025-08-04T17:38:44.911956+00:00", "train_time": 1830, "train_step": 2819, "platform": "tencent_kaiwu", "business": "competition", "user_id": 1, "team_id": 2, "project_code": "back_to_the_realm_v2", "project_version": "24.0.1", "task_id": "uuid", "algorithm": "target_dqn", "model_file_name": "back_to_the_realm_v2-target_dqn-2819-2025_08_05_01_38_44-24.0.1.zip", "model_file_hash": "8158bdc4336c0ef86d9f8bb68ecbca0904a553f48b8afe88127bda124e15cac8", "model_file_path": ["ckpt/model.ckpt-2819.pkl"], "signature": null}