{"created_at": "2025-08-01T16:41:49.659728+00:00", "train_time": 27075, "train_step": 42902, "platform": "tencent_kaiwu", "business": "competition", "user_id": 1, "team_id": 2, "project_code": "back_to_the_realm_v2", "project_version": "24.0.1", "task_id": "uuid", "algorithm": "target_dqn", "model_file_name": "back_to_the_realm_v2-target_dqn-42902-2025_08_02_00_41_49-24.0.1.zip", "model_file_hash": "967dc20ad3c7eb3f2728ff7a53e25f74bc8d0c48dd839c48ed5f7d049f736ee1", "model_file_path": ["ckpt/model.ckpt-42902.pkl"], "signature": null}