{"created_at": "2025-08-06T09:03:32.792665+00:00", "train_time": 18048, "train_step": 28190, "platform": "tencent_kaiwu", "business": "competition", "user_id": 1, "team_id": 2, "project_code": "back_to_the_realm_v2", "project_version": "24.0.1", "task_id": "uuid", "algorithm": "target_dqn", "model_file_name": "back_to_the_realm_v2-target_dqn-28190-2025_08_06_17_03_32-24.0.1.zip", "model_file_hash": "03ad7721696af1074882e16b3a71f1c147a08d16fbc7f46d62f9cced824e63ac", "model_file_path": ["ckpt/model.ckpt-28190.pkl"], "signature": null}