{"created_at": "2025-08-07T09:19:44.825786+00:00", "train_time": 31, "train_step": 0, "platform": "tencent_kaiwu", "business": "competition", "user_id": 1, "team_id": 2, "project_code": "back_to_the_realm_v2", "project_version": "24.0.1", "task_id": "uuid", "algorithm": "target_dqn", "model_file_name": "back_to_the_realm_v2-target_dqn-0-2025_08_07_17_19_44-24.0.1.zip", "model_file_hash": "e8f338ed58bbed0db209584627f44c695fa29f89cc4c0c9a983545d98b717f1f", "model_file_path": ["ckpt/model.ckpt-0.pkl"], "signature": null}