{"created_at": "2025-07-30T15:00:10.956898+00:00", "train_time": 19862, "train_step": 32950, "platform": "tencent_kaiwu", "business": "competition", "user_id": 1, "team_id": 2, "project_code": "back_to_the_realm_v2", "project_version": "24.0.1", "task_id": "uuid", "algorithm": "target_dqn", "model_file_name": "back_to_the_realm_v2-target_dqn-32950-2025_07_30_23_00_10-24.0.1.zip", "model_file_hash": "17381901d71bd34f480233bccd12c73ff02e7b3796b2473dd8b1c3ae83d7410c", "model_file_path": ["ckpt/model.ckpt-32950.pkl"], "signature": null}