{"created_at": "2025-08-08T09:34:37.296121+00:00", "train_time": 27092, "train_step": 41978, "platform": "tencent_kaiwu", "business": "competition", "user_id": 1, "team_id": 2, "project_code": "back_to_the_realm_v2", "project_version": "24.0.1", "task_id": "uuid", "algorithm": "target_dqn", "model_file_name": "back_to_the_realm_v2-target_dqn-41978-2025_08_08_17_34_37-24.0.1.zip", "model_file_hash": "6b4615027f7583e923214641491f800233f54819edaa0bb2e3f12168f2c6fe30", "model_file_path": ["ckpt/model.ckpt-41978.pkl"], "signature": null}