{"created_at": "2025-07-28T02:30:21.967305+00:00", "train_time": 1814, "train_step": 2992, "platform": "tencent_kaiwu", "business": "competition", "user_id": 1, "team_id": 2, "project_code": "back_to_the_realm_v2", "project_version": "24.0.1", "task_id": "uuid", "algorithm": "dqn", "model_file_name": "back_to_the_realm_v2-dqn-2992-2025_07_28_10_30_21-24.0.1.zip", "model_file_hash": "9d7941b28938f645a627dd71de148822c28d825f30dbe001aec8392566f3b691", "model_file_path": ["ckpt/model.ckpt-2992.pkl"], "signature": null}