{"created_at": "2025-08-08T00:37:18.606684+00:00", "train_time": 43480, "train_step": 69671, "platform": "tencent_kaiwu", "business": "competition", "user_id": 1, "team_id": 2, "project_code": "back_to_the_realm_v2", "project_version": "24.0.1", "task_id": "uuid", "algorithm": "target_dqn", "model_file_name": "back_to_the_realm_v2-target_dqn-69671-2025_08_08_08_37_18-24.0.1.zip", "model_file_hash": "a60c7684a3a7843e662b2ff8abdc35b5d01c65bc14d04ddce8b8fdf7b2115704", "model_file_path": ["ckpt/model.ckpt-69671.pkl"], "signature": null}