{"created_at": "2025-07-29T02:24:25.854353+00:00", "train_time": 16, "train_step": 0, "platform": "tencent_kaiwu", "business": "competition", "user_id": 1, "team_id": 2, "project_code": "back_to_the_realm_v2", "project_version": "24.0.1", "task_id": "uuid", "algorithm": "target_dqn", "model_file_name": "back_to_the_realm_v2-target_dqn-0-2025_07_29_10_24_25-24.0.1.zip", "model_file_hash": "3d07b7d59742dd4aae085d1af02e6cee4ab234195871574a72420d306f5c40aa", "model_file_path": ["ckpt/model.ckpt-0.pkl"], "signature": null}