{"created_at": "2025-08-08T13:35:53.248827+00:00", "train_time": 41569, "train_step": 64532, "platform": "tencent_kaiwu", "business": "competition", "user_id": 1, "team_id": 2, "project_code": "back_to_the_realm_v2", "project_version": "24.0.1", "task_id": "uuid", "algorithm": "target_dqn", "model_file_name": "back_to_the_realm_v2-target_dqn-64532-2025_08_08_21_35_53-24.0.1.zip", "model_file_hash": "99bf817bf73c1348e1cde2f423e11140ed4d28e8f029d1844124591b70876172", "model_file_path": ["ckpt/model.ckpt-64532.pkl"], "signature": null}