{"created_at": "2025-08-05T07:01:00.034657+00:00", "train_time": 12675, "train_step": 19961, "platform": "tencent_kaiwu", "business": "competition", "user_id": 1, "team_id": 2, "project_code": "back_to_the_realm_v2", "project_version": "24.0.1", "task_id": "uuid", "algorithm": "target_dqn", "model_file_name": "back_to_the_realm_v2-target_dqn-19961-2025_08_05_15_01_00-24.0.1.zip", "model_file_hash": "b93c782afdc9304e1c40e9afe883fb7ec0f2971b10051a2b142852a089a58702", "model_file_path": ["ckpt/model.ckpt-19961.pkl"], "signature": null}