{"created_at": "2025-08-05T19:23:47.859797+00:00", "train_time": 9059, "train_step": 14292, "platform": "tencent_kaiwu", "business": "competition", "user_id": 1, "team_id": 2, "project_code": "back_to_the_realm_v2", "project_version": "24.0.1", "task_id": "uuid", "algorithm": "target_dqn", "model_file_name": "back_to_the_realm_v2-target_dqn-14292-2025_08_06_03_23_47-24.0.1.zip", "model_file_hash": "8b3f9de74935350a0422fc4b46273af60d2aaed28e1ce5e2ee32ba75604e477f", "model_file_path": ["ckpt/model.ckpt-14292.pkl"], "signature": null}