{"created_at": "2025-08-05T09:01:11.233584+00:00", "train_time": 19887, "train_step": 31189, "platform": "tencent_kaiwu", "business": "competition", "user_id": 1, "team_id": 2, "project_code": "back_to_the_realm_v2", "project_version": "24.0.1", "task_id": "uuid", "algorithm": "target_dqn", "model_file_name": "back_to_the_realm_v2-target_dqn-31189-2025_08_05_17_01_11-24.0.1.zip", "model_file_hash": "3841310251ecc8e988b65778a1ac5aed454d6bc69606252f8efb093c68f05f00", "model_file_path": ["ckpt/model.ckpt-31189.pkl"], "signature": null}