{"created_at": "2025-08-05T12:31:20.845868+00:00", "train_time": 32497, "train_step": 50769, "platform": "tencent_kaiwu", "business": "competition", "user_id": 1, "team_id": 2, "project_code": "back_to_the_realm_v2", "project_version": "24.0.1", "task_id": "uuid", "algorithm": "target_dqn", "model_file_name": "back_to_the_realm_v2-target_dqn-50769-2025_08_05_20_31_20-24.0.1.zip", "model_file_hash": "9ac5250a9625c551c58e523f289e9002553daa20f114f797f41208a8fd2fd259", "model_file_path": ["ckpt/model.ckpt-50769.pkl"], "signature": null}