{"created_at": "2025-08-03T16:31:41.477145+00:00", "train_time": 177, "train_step": 116, "platform": "tencent_kaiwu", "business": "competition", "user_id": 1, "team_id": 2, "project_code": "back_to_the_realm_v2", "project_version": "24.0.1", "task_id": "uuid", "algorithm": "target_dqn", "model_file_name": "back_to_the_realm_v2-target_dqn-116-2025_08_04_00_31_41-24.0.1.zip", "model_file_hash": "1dddcda5ec8ccc5d6d4b4d12f1fa9623af74c457946740bb9bb4d64f2cdfa2f4", "model_file_path": ["ckpt/model.ckpt-116.pkl"], "signature": null}