{"created_at": "2025-07-31T08:29:23.182139+00:00", "train_time": 82826, "train_step": 138540, "platform": "tencent_kaiwu", "business": "competition", "user_id": 1, "team_id": 2, "project_code": "back_to_the_realm_v2", "project_version": "24.0.1", "task_id": "uuid", "algorithm": "target_dqn", "model_file_name": "back_to_the_realm_v2-target_dqn-138540-2025_07_31_16_29_23-24.0.1.zip", "model_file_hash": "448e21adf2033a274ebe79249afa8428acaa41a5ed90abc7f3c0625f5f42fe22", "model_file_path": ["ckpt/model.ckpt-138540.pkl"], "signature": null}