{"created_at": "2025-07-29T19:25:00.214848+00:00", "train_time": 9032, "train_step": 15278, "platform": "tencent_kaiwu", "business": "competition", "user_id": 1, "team_id": 2, "project_code": "back_to_the_realm_v2", "project_version": "24.0.1", "task_id": "uuid", "algorithm": "target_dqn", "model_file_name": "back_to_the_realm_v2-target_dqn-15278-2025_07_30_03_25_00-24.0.1.zip", "model_file_hash": "f73ab053e9a1e6ff450b4bfa82ec637befdbf164274f5d1f6547b890bb326181", "model_file_path": ["ckpt/model.ckpt-15278.pkl"], "signature": null}