{"created_at": "2025-07-30T03:57:02.771292+00:00", "train_time": 39756, "train_step": 66695, "platform": "tencent_kaiwu", "business": "competition", "user_id": 1, "team_id": 2, "project_code": "back_to_the_realm_v2", "project_version": "24.0.1", "task_id": "uuid", "algorithm": "target_dqn", "model_file_name": "back_to_the_realm_v2-target_dqn-66695-2025_07_30_11_57_02-24.0.1.zip", "model_file_hash": "3cc5a047137cb0b87b9340d9fd988e7ad0e6540d5cc965f7b7210e13106b8527", "model_file_path": ["ckpt/model.ckpt-66695.pkl"], "signature": null}