{"created_at": "2025-08-05T13:01:21.532173+00:00", "train_time": 34306, "train_step": 53550, "platform": "tencent_kaiwu", "business": "competition", "user_id": 1, "team_id": 2, "project_code": "back_to_the_realm_v2", "project_version": "24.0.1", "task_id": "uuid", "algorithm": "target_dqn", "model_file_name": "back_to_the_realm_v2-target_dqn-53550-2025_08_05_21_01_21-24.0.1.zip", "model_file_hash": "4c3a6bf016618339ed21b7cddf9cf9831219411f7f11df7206d431af599118b6", "model_file_path": ["ckpt/model.ckpt-53550.pkl"], "signature": null}