{"created_at": "2025-08-03T10:16:22.424035+00:00", "train_time": 3637, "train_step": 5758, "platform": "tencent_kaiwu", "business": "competition", "user_id": 1, "team_id": 2, "project_code": "back_to_the_realm_v2", "project_version": "24.0.1", "task_id": "uuid", "algorithm": "target_dqn", "model_file_name": "back_to_the_realm_v2-target_dqn-5758-2025_08_03_18_16_22-24.0.1.zip", "model_file_hash": "d9247022ebb99ba0253961f959a137887434d03c381d49023789a853a22d1ff3", "model_file_path": ["ckpt/model.ckpt-5758.pkl"], "signature": null}