{"created_at": "2025-08-05T16:31:29.418471+00:00", "train_time": 46915, "train_step": 73317, "platform": "tencent_kaiwu", "business": "competition", "user_id": 1, "team_id": 2, "project_code": "back_to_the_realm_v2", "project_version": "24.0.1", "task_id": "uuid", "algorithm": "target_dqn", "model_file_name": "back_to_the_realm_v2-target_dqn-73317-2025_08_06_00_31_29-24.0.1.zip", "model_file_hash": "3f2d32bd7680f3fdf4385993e87ad8693c22aa8d9596fe287309ae52aae846fe", "model_file_path": ["ckpt/model.ckpt-73317.pkl"], "signature": null}