{"created_at": "2025-08-04T03:47:37.649479+00:00", "train_time": 38596, "train_step": 40986, "platform": "tencent_kaiwu", "business": "competition", "user_id": 1, "team_id": 2, "project_code": "back_to_the_realm_v2", "project_version": "24.0.1", "task_id": "uuid", "algorithm": "target_dqn", "model_file_name": "back_to_the_realm_v2-target_dqn-40986-2025_08_04_11_47_37-24.0.1.zip", "model_file_hash": "b4f18f87b8d086e9718c9d5df19e161f9096859215629ff2b96242dd1628c9e1", "model_file_path": ["ckpt/model.ckpt-40986.pkl"], "signature": null}