{"created_at": "2025-08-08T05:34:12.855243+00:00", "train_time": 12667, "train_step": 19433, "platform": "tencent_kaiwu", "business": "competition", "user_id": 1, "team_id": 2, "project_code": "back_to_the_realm_v2", "project_version": "24.0.1", "task_id": "uuid", "algorithm": "target_dqn", "model_file_name": "back_to_the_realm_v2-target_dqn-19433-2025_08_08_13_34_12-24.0.1.zip", "model_file_hash": "7e82f2f97e95dee240d21c86b5ba71fd9c139ce7152cbb979c74a1de37304391", "model_file_path": ["ckpt/model.ckpt-19433.pkl"], "signature": null}