{"created_at": "2025-08-07T09:17:33.351809+00:00", "train_time": 10884, "train_step": 17095, "platform": "tencent_kaiwu", "business": "competition", "user_id": 1, "team_id": 2, "project_code": "back_to_the_realm_v2", "project_version": "24.0.1", "task_id": "uuid", "algorithm": "target_dqn", "model_file_name": "back_to_the_realm_v2-target_dqn-17095-2025_08_07_17_17_33-24.0.1.zip", "model_file_hash": "125f93da146fe05287222cdbc65c9f6790b44f1edbeeaed96173fda0d145ec5c", "model_file_path": ["ckpt/model.ckpt-17095.pkl"], "signature": null}