{"created_at": "2025-08-05T23:54:42.537624+00:00", "train_time": 25314, "train_step": 39844, "platform": "tencent_kaiwu", "business": "competition", "user_id": 1, "team_id": 2, "project_code": "back_to_the_realm_v2", "project_version": "24.0.1", "task_id": "uuid", "algorithm": "target_dqn", "model_file_name": "back_to_the_realm_v2-target_dqn-39844-2025_08_06_07_54_42-24.0.1.zip", "model_file_hash": "8c76154d78542f0e0fd29f20a54110199e15e686246e9c635a4b8996fd9fc7ae", "model_file_path": ["ckpt/model.ckpt-39844.pkl"], "signature": null}