{"created_at": "2025-08-05T06:00:53.888237+00:00", "train_time": 9069, "train_step": 14281, "platform": "tencent_kaiwu", "business": "competition", "user_id": 1, "team_id": 2, "project_code": "back_to_the_realm_v2", "project_version": "24.0.1", "task_id": "uuid", "algorithm": "target_dqn", "model_file_name": "back_to_the_realm_v2-target_dqn-14281-2025_08_05_14_00_53-24.0.1.zip", "model_file_hash": "a679889e928839637b0f1d852c2036e9a6e040f20d093818b5e32147eb91691f", "model_file_path": ["ckpt/model.ckpt-14281.pkl"], "signature": null}