{"created_at": "2025-08-04T20:39:37.661079+00:00", "train_time": 12683, "train_step": 20142, "platform": "tencent_kaiwu", "business": "competition", "user_id": 1, "team_id": 2, "project_code": "back_to_the_realm_v2", "project_version": "24.0.1", "task_id": "uuid", "algorithm": "target_dqn", "model_file_name": "back_to_the_realm_v2-target_dqn-20142-2025_08_05_04_39_37-24.0.1.zip", "model_file_hash": "7b269310686b597f52baff23f01828e743b6ad59506e6a92aba60b44fe6c62dc", "model_file_path": ["ckpt/model.ckpt-20142.pkl"], "signature": null}