{"created_at": "2025-08-04T17:08:41.889620+00:00", "train_time": 26, "train_step": 0, "platform": "tencent_kaiwu", "business": "competition", "user_id": 1, "team_id": 2, "project_code": "back_to_the_realm_v2", "project_version": "24.0.1", "task_id": "uuid", "algorithm": "target_dqn", "model_file_name": "back_to_the_realm_v2-target_dqn-0-2025_08_05_01_08_41-24.0.1.zip", "model_file_hash": "7e4779e70cd430625cd11a353f06d2ac9c3879d62ccf8f4839642a184c0cf98c", "model_file_path": ["ckpt/model.ckpt-0.pkl"], "signature": null}