{"created_at": "2025-08-04T23:09:58.922643+00:00", "train_time": 21704, "train_step": 34503, "platform": "tencent_kaiwu", "business": "competition", "user_id": 1, "team_id": 2, "project_code": "back_to_the_realm_v2", "project_version": "24.0.1", "task_id": "uuid", "algorithm": "target_dqn", "model_file_name": "back_to_the_realm_v2-target_dqn-34503-2025_08_05_07_09_58-24.0.1.zip", "model_file_hash": "850a9a48315c4845648b4a32505598eb9db45ae09b200343112d3365364d8cb4", "model_file_path": ["ckpt/model.ckpt-34503.pkl"], "signature": null}