{"created_at": "2025-07-29T16:52:02.926520+00:00", "train_time": 31036, "train_step": 52075, "platform": "tencent_kaiwu", "business": "competition", "user_id": 1, "team_id": 2, "project_code": "back_to_the_realm_v2", "project_version": "24.0.1", "task_id": "uuid", "algorithm": "target_dqn", "model_file_name": "back_to_the_realm_v2-target_dqn-52075-2025_07_30_00_52_02-24.0.1.zip", "model_file_hash": "4ae89dd324f02c4e4a74e55c66a339ca633acdc54227546ccc450ee856c1363d", "model_file_path": ["ckpt/model.ckpt-52075.pkl"], "signature": null}