{"created_at": "2025-08-07T21:35:26.523438+00:00", "train_time": 32568, "train_step": 51898, "platform": "tencent_kaiwu", "business": "competition", "user_id": 1, "team_id": 2, "project_code": "back_to_the_realm_v2", "project_version": "24.0.1", "task_id": "uuid", "algorithm": "target_dqn", "model_file_name": "back_to_the_realm_v2-target_dqn-51898-2025_08_08_05_35_26-24.0.1.zip", "model_file_hash": "36776ec54850efc080b08c46e5d3d2a0eb475e8e61a47643cb9d0eacc2967f23", "model_file_path": ["ckpt/model.ckpt-51898.pkl"], "signature": null}