{"created_at": "2025-07-29T17:24:45.054620+00:00", "train_time": 1817, "train_step": 3035, "platform": "tencent_kaiwu", "business": "competition", "user_id": 1, "team_id": 2, "project_code": "back_to_the_realm_v2", "project_version": "24.0.1", "task_id": "uuid", "algorithm": "target_dqn", "model_file_name": "back_to_the_realm_v2-target_dqn-3035-2025_07_30_01_24_45-24.0.1.zip", "model_file_hash": "10173eae53f8e7b20ff5057ad7ccced8feb3e03c9c05dbb444fa9e9454ac6684", "model_file_path": ["ckpt/model.ckpt-3035.pkl"], "signature": null}