{"created_at": "2025-08-06T02:55:02.153130+00:00", "train_time": 36085, "train_step": 56650, "platform": "tencent_kaiwu", "business": "competition", "user_id": 1, "team_id": 2, "project_code": "back_to_the_realm_v2", "project_version": "24.0.1", "task_id": "uuid", "algorithm": "target_dqn", "model_file_name": "back_to_the_realm_v2-target_dqn-56650-2025_08_06_10_55_02-24.0.1.zip", "model_file_hash": "4abbe6d7e5ec030bd26a6113102d3388d3e031563006d818f8b438e521cae807", "model_file_path": ["ckpt/model.ckpt-56650.pkl"], "signature": null}