{"created_at": "2025-08-01T23:27:28.885502+00:00", "train_time": 21665, "train_step": 34426, "platform": "tencent_kaiwu", "business": "competition", "user_id": 1, "team_id": 2, "project_code": "back_to_the_realm_v2", "project_version": "24.0.1", "task_id": "uuid", "algorithm": "target_dqn", "model_file_name": "back_to_the_realm_v2-target_dqn-34426-2025_08_02_07_27_28-24.0.1.zip", "model_file_hash": "32de9c3fe2db1ca754d7463b2af6e23cff730f28cd6ca9905e356bfd37dfe727", "model_file_path": ["ckpt/model.ckpt-34426.pkl"], "signature": null}