{"created_at": "2025-08-04T02:22:28.106747+00:00", "train_time": 8, "train_step": 0, "platform": "tencent_kaiwu", "business": "competition", "user_id": 1, "team_id": 2, "project_code": "back_to_the_realm_v2", "project_version": "24.0.1", "task_id": "uuid", "algorithm": "target_dqn", "model_file_name": "back_to_the_realm_v2-target_dqn-0-2025_08_04_10_22_28-24.0.1.zip", "model_file_hash": "d31ac6e311cb463e5f79a9a2fc61a1dbf98a0409877faaef9b9a7661861a2d03", "model_file_path": ["ckpt/model.ckpt-0.pkl"], "signature": null}