{"created_at": "2025-07-31T13:36:27.051900+00:00", "train_time": 18062, "train_step": 28488, "platform": "tencent_kaiwu", "business": "competition", "user_id": 1, "team_id": 2, "project_code": "back_to_the_realm_v2", "project_version": "24.0.1", "task_id": "uuid", "algorithm": "target_dqn", "model_file_name": "back_to_the_realm_v2-target_dqn-28488-2025_07_31_21_36_27-24.0.1.zip", "model_file_hash": "671a11e721bf3923bb1f4bc1b003149c8e59a120fff4d8afb9f5ba40574d3330", "model_file_path": ["ckpt/model.ckpt-28488.pkl"], "signature": null}