{"created_at": "2025-07-30T06:27:21.514368+00:00", "train_time": 48775, "train_step": 81643, "platform": "tencent_kaiwu", "business": "competition", "user_id": 1, "team_id": 2, "project_code": "back_to_the_realm_v2", "project_version": "24.0.1", "task_id": "uuid", "algorithm": "target_dqn", "model_file_name": "back_to_the_realm_v2-target_dqn-81643-2025_07_30_14_27_21-24.0.1.zip", "model_file_hash": "3a7dd468c739cb3d6901bb9b82910e744cd794ce30beca695d23a1a3b335c5b4", "model_file_path": ["ckpt/model.ckpt-81643.pkl"], "signature": null}