{"created_at": "2025-08-05T15:31:25.425153+00:00", "train_time": 43311, "train_step": 67677, "platform": "tencent_kaiwu", "business": "competition", "user_id": 1, "team_id": 2, "project_code": "back_to_the_realm_v2", "project_version": "24.0.1", "task_id": "uuid", "algorithm": "target_dqn", "model_file_name": "back_to_the_realm_v2-target_dqn-67677-2025_08_05_23_31_25-24.0.1.zip", "model_file_hash": "eff252946fb4676e5dbecc1cb7621acf5847537ab3c4077ef968c2ae7ffcda2e", "model_file_path": ["ckpt/model.ckpt-67677.pkl"], "signature": null}