{"created_at": "2025-08-03T16:21:20.746131+00:00", "train_time": 8493, "train_step": 8846, "platform": "tencent_kaiwu", "business": "competition", "user_id": 1, "team_id": 2, "project_code": "back_to_the_realm_v2", "project_version": "24.0.1", "task_id": "uuid", "algorithm": "target_dqn", "model_file_name": "back_to_the_realm_v2-target_dqn-8846-2025_08_04_00_21_20-24.0.1.zip", "model_file_hash": "3131355be6e961b7ca08056218ff0ae3fbf2d5d402f85f7ad908e6d979403a5f", "model_file_path": ["ckpt/model.ckpt-8846.pkl"], "signature": null}