{"created_at": "2025-08-04T12:49:54.378132+00:00", "train_time": 25352, "train_step": 39543, "platform": "tencent_kaiwu", "business": "competition", "user_id": 1, "team_id": 2, "project_code": "back_to_the_realm_v2", "project_version": "24.0.1", "task_id": "uuid", "algorithm": "target_dqn", "model_file_name": "back_to_the_realm_v2-target_dqn-39543-2025_08_04_20_49_54-24.0.1.zip", "model_file_hash": "cae6d249fc239cccad1c96b10d99d1a709501a4314c0a8c628270c7a1e15b5d8", "model_file_path": ["ckpt/model.ckpt-39543.pkl"], "signature": null}