{"created_at": "2025-08-07T14:03:22.287147+00:00", "train_time": 5442, "train_step": 8506, "platform": "tencent_kaiwu", "business": "competition", "user_id": 1, "team_id": 2, "project_code": "back_to_the_realm_v2", "project_version": "24.0.1", "task_id": "uuid", "algorithm": "target_dqn", "model_file_name": "back_to_the_realm_v2-target_dqn-8506-2025_08_07_22_03_22-24.0.1.zip", "model_file_hash": "7422443cd4dbd7f008c1470b4fefe7681c7ef555a039af37b7e1289c8968702a", "model_file_path": ["ckpt/model.ckpt-8506.pkl"], "signature": null}