{"created_at": "2025-08-05T08:31:10.787319+00:00", "train_time": 18086, "train_step": 28400, "platform": "tencent_kaiwu", "business": "competition", "user_id": 1, "team_id": 2, "project_code": "back_to_the_realm_v2", "project_version": "24.0.1", "task_id": "uuid", "algorithm": "target_dqn", "model_file_name": "back_to_the_realm_v2-target_dqn-28400-2025_08_05_16_31_10-24.0.1.zip", "model_file_hash": "f622eb7fad32eff45cf716abe12c562cbd6714066c9455fbdd16f5f5ea9b5cc8", "model_file_path": ["ckpt/model.ckpt-28400.pkl"], "signature": null}