{"created_at": "2025-08-03T16:35:35.600725+00:00", "train_time": 4926, "train_step": 7723, "platform": "tencent_kaiwu", "business": "competition", "user_id": 1, "team_id": 2, "project_code": "back_to_the_realm_v2", "project_version": "24.0.1", "task_id": "uuid", "algorithm": "target_dqn", "model_file_name": "back_to_the_realm_v2-target_dqn-7723-2025_08_04_00_35_35-24.0.1.zip", "model_file_hash": "7b706a61074457bc9adada7d1aff4f417c2335ffb0a668fc3e3ecc985ad4a684", "model_file_path": ["ckpt/model.ckpt-7723.pkl"], "signature": null}