{"created_at": "2025-07-28T08:48:41.516921+00:00", "train_time": 1814, "train_step": 2952, "platform": "tencent_kaiwu", "business": "competition", "user_id": 1, "team_id": 2, "project_code": "back_to_the_realm_v2", "project_version": "24.0.1", "task_id": "uuid", "algorithm": "dqn", "model_file_name": "back_to_the_realm_v2-dqn-2952-2025_07_28_16_48_41-24.0.1.zip", "model_file_hash": "35b9fa7866fb08210b98266fa3f4ff816b915fbbfa944b891d2e9c6e6efb71b0", "model_file_path": ["ckpt/model.ckpt-2952.pkl"], "signature": null}