{"created_at": "2025-08-05T18:53:34.495851+00:00", "train_time": 7245, "train_step": 11421, "platform": "tencent_kaiwu", "business": "competition", "user_id": 1, "team_id": 2, "project_code": "back_to_the_realm_v2", "project_version": "24.0.1", "task_id": "uuid", "algorithm": "target_dqn", "model_file_name": "back_to_the_realm_v2-target_dqn-11421-2025_08_06_02_53_34-24.0.1.zip", "model_file_hash": "bec667cd91790cc17a82cbfcd99671282fba60b70a5bdc37c75d672c63b1ec75", "model_file_path": ["ckpt/model.ckpt-11421.pkl"], "signature": null}