{"created_at": "2025-08-06T11:03:39.771899+00:00", "train_time": 25255, "train_step": 39321, "platform": "tencent_kaiwu", "business": "competition", "user_id": 1, "team_id": 2, "project_code": "back_to_the_realm_v2", "project_version": "24.0.1", "task_id": "uuid", "algorithm": "target_dqn", "model_file_name": "back_to_the_realm_v2-target_dqn-39321-2025_08_06_19_03_39-24.0.1.zip", "model_file_hash": "8eba39cd82c48c586e22b884874b9d1cd278f53942737cb4dee5b76f29790bee", "model_file_path": ["ckpt/model.ckpt-39321.pkl"], "signature": null}