{"created_at": "2025-07-31T09:05:45.351739+00:00", "train_time": 1819, "train_step": 2806, "platform": "tencent_kaiwu", "business": "competition", "user_id": 1, "team_id": 2, "project_code": "back_to_the_realm_v2", "project_version": "24.0.1", "task_id": "uuid", "algorithm": "target_dqn", "model_file_name": "back_to_the_realm_v2-target_dqn-2806-2025_07_31_17_05_45-24.0.1.zip", "model_file_hash": "b68381aefa86f403542ec1f4049d5c374333f3f789251d79d830d51ee1d65797", "model_file_path": ["ckpt/model.ckpt-2806.pkl"], "signature": null}