{"created_at": "2025-07-28T15:16:19.450598+00:00", "train_time": 5433, "train_step": 9066, "platform": "tencent_kaiwu", "business": "competition", "user_id": 1, "team_id": 2, "project_code": "back_to_the_realm_v2", "project_version": "24.0.1", "task_id": "uuid", "algorithm": "target_dqn", "model_file_name": "back_to_the_realm_v2-target_dqn-9066-2025_07_28_23_16_19-24.0.1.zip", "model_file_hash": "12fa21cccac5a10870c6d75b6c77569e8712770cc34aa22112a1fd40a5eaebca", "model_file_path": ["ckpt/model.ckpt-9066.pkl"], "signature": null}