{"created_at": "2025-08-03T19:37:23.425544+00:00", "train_time": 15719, "train_step": 24747, "platform": "tencent_kaiwu", "business": "competition", "user_id": 1, "team_id": 2, "project_code": "back_to_the_realm_v2", "project_version": "24.0.1", "task_id": "uuid", "algorithm": "target_dqn", "model_file_name": "back_to_the_realm_v2-target_dqn-24747-2025_08_04_03_37_23-24.0.1.zip", "model_file_hash": "6567123dddd1a571d045fa4d77a8959515d358caa417c1a426e99904c0d1e99f", "model_file_path": ["ckpt/model.ckpt-24747.pkl"], "signature": null}