{"created_at": "2025-08-04T06:17:36.117690+00:00", "train_time": 1813, "train_step": 2822, "platform": "tencent_kaiwu", "business": "competition", "user_id": 1, "team_id": 2, "project_code": "back_to_the_realm_v2", "project_version": "24.0.1", "task_id": "uuid", "algorithm": "target_dqn", "model_file_name": "back_to_the_realm_v2-target_dqn-2822-2025_08_04_14_17_36-24.0.1.zip", "model_file_hash": "ad57c283666b89d00bd321335af72de274d12f7bd78a2ac203f676a4487fcc18", "model_file_path": ["ckpt/model.ckpt-2822.pkl"], "signature": null}