{"created_at": "2025-08-04T04:34:47.988191+00:00", "train_time": 13, "train_step": 0, "platform": "tencent_kaiwu", "business": "competition", "user_id": 1, "team_id": 2, "project_code": "back_to_the_realm_v2", "project_version": "24.0.1", "task_id": "uuid", "algorithm": "target_dqn", "model_file_name": "back_to_the_realm_v2-target_dqn-0-2025_08_04_12_34_47-24.0.1.zip", "model_file_hash": "978d844ad6657592ec248a9b83465ebfd2b34cea435afce8d7f10363e6edb90a", "model_file_path": ["ckpt/model.ckpt-0.pkl"], "signature": null}