{"created_at": "2025-08-03T09:15:06.181038+00:00", "train_time": 18301, "train_step": 29119, "platform": "tencent_kaiwu", "business": "competition", "user_id": 1, "team_id": 2, "project_code": "back_to_the_realm_v2", "project_version": "24.0.1", "task_id": "uuid", "algorithm": "target_dqn", "model_file_name": "back_to_the_realm_v2-target_dqn-29119-2025_08_03_17_15_06-24.0.1.zip", "model_file_hash": "0abf14ff02b8d2ef4f30810016bebd687b28d8b5adc20ab27252f73012f39333", "model_file_path": ["ckpt/model.ckpt-29119.pkl"], "signature": null}