{"created_at": "2025-07-29T08:06:27.884154+00:00", "train_time": 689, "train_step": 1094, "platform": "tencent_kaiwu", "business": "competition", "user_id": 1, "team_id": 2, "project_code": "back_to_the_realm_v2", "project_version": "24.0.1", "task_id": "uuid", "algorithm": "target_dqn", "model_file_name": "back_to_the_realm_v2-target_dqn-1094-2025_07_29_16_06_27-24.0.1.zip", "model_file_hash": "eaa2fc22c3625b620dc35c41f4273da4c798d064b8569d188d9b595c0c230e7f", "model_file_path": ["ckpt/model.ckpt-1094.pkl"], "signature": null}