{"created_at": "2025-08-04T19:09:13.541533+00:00", "train_time": 7258, "train_step": 11499, "platform": "tencent_kaiwu", "business": "competition", "user_id": 1, "team_id": 2, "project_code": "back_to_the_realm_v2", "project_version": "24.0.1", "task_id": "uuid", "algorithm": "target_dqn", "model_file_name": "back_to_the_realm_v2-target_dqn-11499-2025_08_05_03_09_13-24.0.1.zip", "model_file_hash": "74f28e7a58fd2e8c3d65aa72a14d6f5f5d4874d14015c7be8b2ea964c533e484", "model_file_path": ["ckpt/model.ckpt-11499.pkl"], "signature": null}