{"created_at": "2025-08-08T14:47:05.972713+00:00", "train_time": 74055, "train_step": 84723, "platform": "tencent_kaiwu", "business": "competition", "user_id": 1, "team_id": 2, "project_code": "back_to_the_realm_v2", "project_version": "24.0.1", "task_id": "uuid", "algorithm": "target_dqn", "model_file_name": "back_to_the_realm_v2-target_dqn-84723-2025_08_08_22_47_05-24.0.1.zip", "model_file_hash": "9de2de6984ecba3477f1a8aab68a5aa1be563a3662d4993f29c36cc5ae10a945", "model_file_path": ["ckpt/model.ckpt-84723.pkl"], "signature": null}