{"created_at": "2025-08-04T13:05:28.151794+00:00", "train_time": 266, "train_step": 360, "platform": "tencent_kaiwu", "business": "competition", "user_id": 1, "team_id": 2, "project_code": "back_to_the_realm_v2", "project_version": "24.0.1", "task_id": "uuid", "algorithm": "target_dqn", "model_file_name": "back_to_the_realm_v2-target_dqn-360-2025_08_04_21_05_28-24.0.1.zip", "model_file_hash": "412ca53801ad994ceace631e29cddebd8489bd05f6810b2b21d26e795127d363", "model_file_path": ["ckpt/model.ckpt-360.pkl"], "signature": null}