{"created_at": "2025-07-29T03:54:42.012113+00:00", "train_time": 5433, "train_step": 9118, "platform": "tencent_kaiwu", "business": "competition", "user_id": 1, "team_id": 2, "project_code": "back_to_the_realm_v2", "project_version": "24.0.1", "task_id": "uuid", "algorithm": "target_dqn", "model_file_name": "back_to_the_realm_v2-target_dqn-9118-2025_07_29_11_54_42-24.0.1.zip", "model_file_hash": "8366e14d722539f35df8ff2d5aca94da4b18f16368b7bc82c594c82ed6f216bc", "model_file_path": ["ckpt/model.ckpt-9118.pkl"], "signature": null}