{"created_at": "2025-08-06T18:22:46.484284+00:00", "train_time": 7251, "train_step": 11590, "platform": "tencent_kaiwu", "business": "competition", "user_id": 1, "team_id": 2, "project_code": "back_to_the_realm_v2", "project_version": "24.0.1", "task_id": "uuid", "algorithm": "target_dqn", "model_file_name": "back_to_the_realm_v2-target_dqn-11590-2025_08_07_02_22_46-24.0.1.zip", "model_file_hash": "ca25002df7a0c886cdbb0cd6502fdb2fcbfba8a22901abbf960ca3d7053ff069", "model_file_path": ["ckpt/model.ckpt-11590.pkl"], "signature": null}