{"created_at": "2025-08-04T07:17:37.121769+00:00", "train_time": 5414, "train_step": 8529, "platform": "tencent_kaiwu", "business": "competition", "user_id": 1, "team_id": 2, "project_code": "back_to_the_realm_v2", "project_version": "24.0.1", "task_id": "uuid", "algorithm": "target_dqn", "model_file_name": "back_to_the_realm_v2-target_dqn-8529-2025_08_04_15_17_37-24.0.1.zip", "model_file_hash": "55d8bb8890cb6d6d68a8c82b4e8b2b3003f14b0af46dbc7cf53f2259f3a805ae", "model_file_path": ["ckpt/model.ckpt-8529.pkl"], "signature": null}