{"created_at": "2025-07-25T06:55:55.112619+00:00", "train_time": 9046, "train_step": 15322, "platform": "tencent_kaiwu", "business": "competition", "user_id": 1, "team_id": 2, "project_code": "back_to_the_realm_v2", "project_version": "24.0.1", "task_id": "uuid", "algorithm": "target_dqn", "model_file_name": "back_to_the_realm_v2-target_dqn-15322-2025_07_25_14_55_55-24.0.1.zip", "model_file_hash": "2328627d134c48bebfd5e4fc59ae460e5fcf0adc73e20dcf3336695ba6223167", "model_file_path": ["ckpt/model.ckpt-15322.pkl"], "signature": null}