{"created_at": "2025-08-04T18:08:49.832736+00:00", "train_time": 3635, "train_step": 5709, "platform": "tencent_kaiwu", "business": "competition", "user_id": 1, "team_id": 2, "project_code": "back_to_the_realm_v2", "project_version": "24.0.1", "task_id": "uuid", "algorithm": "target_dqn", "model_file_name": "back_to_the_realm_v2-target_dqn-5709-2025_08_05_02_08_49-24.0.1.zip", "model_file_hash": "558c84ca33173b8eadcd790427d330f3454f7905b52fedca8e40ee0d76495c4f", "model_file_path": ["ckpt/model.ckpt-5709.pkl"], "signature": null}