{"created_at": "2025-07-29T20:25:08.840107+00:00", "train_time": 12641, "train_step": 21378, "platform": "tencent_kaiwu", "business": "competition", "user_id": 1, "team_id": 2, "project_code": "back_to_the_realm_v2", "project_version": "24.0.1", "task_id": "uuid", "algorithm": "target_dqn", "model_file_name": "back_to_the_realm_v2-target_dqn-21378-2025_07_30_04_25_08-24.0.1.zip", "model_file_hash": "ace6260203c8f40bd9812bfc2510228751e6baf870d8a4b34e49020200e64a8e", "model_file_path": ["ckpt/model.ckpt-21378.pkl"], "signature": null}