{"created_at": "2025-08-04T00:09:11.941191+00:00", "train_time": 32029, "train_step": 50558, "platform": "tencent_kaiwu", "business": "competition", "user_id": 1, "team_id": 2, "project_code": "back_to_the_realm_v2", "project_version": "24.0.1", "task_id": "uuid", "algorithm": "target_dqn", "model_file_name": "back_to_the_realm_v2-target_dqn-50558-2025_08_04_08_09_11-24.0.1.zip", "model_file_hash": "bef0ad4088bc91f0004119f54dcf0905fe97346eae4d87998e41510ff7e93a04", "model_file_path": ["ckpt/model.ckpt-50558.pkl"], "signature": null}