{"created_at": "2025-07-29T23:25:56.510750+00:00", "train_time": 23489, "train_step": 39682, "platform": "tencent_kaiwu", "business": "competition", "user_id": 1, "team_id": 2, "project_code": "back_to_the_realm_v2", "project_version": "24.0.1", "task_id": "uuid", "algorithm": "target_dqn", "model_file_name": "back_to_the_realm_v2-target_dqn-39682-2025_07_30_07_25_56-24.0.1.zip", "model_file_hash": "75869bfa32dc0e6d4cabd345cb8d6eb5a8a42b6ff80153b819daf8718bac0516", "model_file_path": ["ckpt/model.ckpt-39682.pkl"], "signature": null}