{"created_at": "2025-08-02T04:57:17.400809+00:00", "train_time": 41455, "train_step": 65742, "platform": "tencent_kaiwu", "business": "competition", "user_id": 1, "team_id": 2, "project_code": "back_to_the_realm_v2", "project_version": "24.0.1", "task_id": "uuid", "algorithm": "target_dqn", "model_file_name": "back_to_the_realm_v2-target_dqn-65742-2025_08_02_12_57_17-24.0.1.zip", "model_file_hash": "0c98c42b7ccc1436e06fc367bceac6f8a6024315c503db6831cd3bfb9f12c20b", "model_file_path": ["ckpt/model.ckpt-65742.pkl"], "signature": null}