{"created_at": "2025-08-05T17:22:59.485318+00:00", "train_time": 1810, "train_step": 2811, "platform": "tencent_kaiwu", "business": "competition", "user_id": 1, "team_id": 2, "project_code": "back_to_the_realm_v2", "project_version": "24.0.1", "task_id": "uuid", "algorithm": "target_dqn", "model_file_name": "back_to_the_realm_v2-target_dqn-2811-2025_08_06_01_22_59-24.0.1.zip", "model_file_hash": "f68b571adaa5659c2f4ec8ac126d2ece03239fa578e37ab594bfdbb0ed196f6c", "model_file_path": ["ckpt/model.ckpt-2811.pkl"], "signature": null}