{"created_at": "2025-08-05T05:00:42.563031+00:00", "train_time": 5458, "train_step": 8574, "platform": "tencent_kaiwu", "business": "competition", "user_id": 1, "team_id": 2, "project_code": "back_to_the_realm_v2", "project_version": "24.0.1", "task_id": "uuid", "algorithm": "target_dqn", "model_file_name": "back_to_the_realm_v2-target_dqn-8574-2025_08_05_13_00_42-24.0.1.zip", "model_file_hash": "a16e0d429841193162e632c897ede59fae7df381e58bff07362027a6197d65ae", "model_file_path": ["ckpt/model.ckpt-8574.pkl"], "signature": null}