{"created_at": "2025-08-02T01:57:40.238599+00:00", "train_time": 30677, "train_step": 48708, "platform": "tencent_kaiwu", "business": "competition", "user_id": 1, "team_id": 2, "project_code": "back_to_the_realm_v2", "project_version": "24.0.1", "task_id": "uuid", "algorithm": "target_dqn", "model_file_name": "back_to_the_realm_v2-target_dqn-48708-2025_08_02_09_57_40-24.0.1.zip", "model_file_hash": "b9f24978656af2ae2f1af04418a7c17d8e9888525423b5d713fbe40b57ec9e9c", "model_file_path": ["ckpt/model.ckpt-48708.pkl"], "signature": null}