{"created_at": "2025-07-29T11:15:43.777976+00:00", "train_time": 10856, "train_step": 18236, "platform": "tencent_kaiwu", "business": "competition", "user_id": 1, "team_id": 2, "project_code": "back_to_the_realm_v2", "project_version": "24.0.1", "task_id": "uuid", "algorithm": "target_dqn", "model_file_name": "back_to_the_realm_v2-target_dqn-18236-2025_07_29_19_15_43-24.0.1.zip", "model_file_hash": "75e04b1666a5dede8a1fc986f2add1c32aa92fd0f418a00ea398ca60da1a8524", "model_file_path": ["ckpt/model.ckpt-18236.pkl"], "signature": null}