{"created_at": "2025-07-31T15:36:30.658279+00:00", "train_time": 25266, "train_step": 39898, "platform": "tencent_kaiwu", "business": "competition", "user_id": 1, "team_id": 2, "project_code": "back_to_the_realm_v2", "project_version": "24.0.1", "task_id": "uuid", "algorithm": "target_dqn", "model_file_name": "back_to_the_realm_v2-target_dqn-39898-2025_07_31_23_36_30-24.0.1.zip", "model_file_hash": "f8e856ef96f75d1788b33f5878b005cf4e272ed93fb3fbb8e2b142a6edbb6294", "model_file_path": ["ckpt/model.ckpt-39898.pkl"], "signature": null}