{"created_at": "2025-08-05T05:30:53.537616+00:00", "train_time": 7269, "train_step": 11439, "platform": "tencent_kaiwu", "business": "competition", "user_id": 1, "team_id": 2, "project_code": "back_to_the_realm_v2", "project_version": "24.0.1", "task_id": "uuid", "algorithm": "target_dqn", "model_file_name": "back_to_the_realm_v2-target_dqn-11439-2025_08_05_13_30_53-24.0.1.zip", "model_file_hash": "c802562599b76c7a0306938018f5f69ff60383312d85802778378216be996da9", "model_file_path": ["ckpt/model.ckpt-11439.pkl"], "signature": null}