{"created_at": "2025-07-28T13:39:20.734173+00:00", "train_time": 19254, "train_step": 31684, "platform": "tencent_kaiwu", "business": "competition", "user_id": 1, "team_id": 2, "project_code": "back_to_the_realm_v2", "project_version": "24.0.1", "task_id": "uuid", "algorithm": "dqn", "model_file_name": "back_to_the_realm_v2-dqn-31684-2025_07_28_21_39_20-24.0.1.zip", "model_file_hash": "77504c17824d3edaf70b1d25897eec458d19208f90c74d32916409e9926fdfad", "model_file_path": ["ckpt/model.ckpt-31684.pkl"], "signature": null}