{"created_at": "2025-08-02T14:58:01.490395+00:00", "train_time": 3648, "train_step": 5733, "platform": "tencent_kaiwu", "business": "competition", "user_id": 1, "team_id": 2, "project_code": "back_to_the_realm_v2", "project_version": "24.0.1", "task_id": "uuid", "algorithm": "target_dqn", "model_file_name": "back_to_the_realm_v2-target_dqn-5733-2025_08_02_22_58_01-24.0.1.zip", "model_file_hash": "98c250b271e94f50985d469a620a085333ae14c0e6ad1c5508bba1c632e0e2d7", "model_file_path": ["ckpt/model.ckpt-5733.pkl"], "signature": null}