{"created_at": "2025-08-02T17:28:57.931736+00:00", "train_time": 12704, "train_step": 20040, "platform": "tencent_kaiwu", "business": "competition", "user_id": 1, "team_id": 2, "project_code": "back_to_the_realm_v2", "project_version": "24.0.1", "task_id": "uuid", "algorithm": "target_dqn", "model_file_name": "back_to_the_realm_v2-target_dqn-20040-2025_08_03_01_28_57-24.0.1.zip", "model_file_hash": "f5ec012c32691f71d27cf54a39549c06400c2df8ffdc6b0699b9a2c62b22a0b1", "model_file_path": ["ckpt/model.ckpt-20040.pkl"], "signature": null}