{"created_at": "2025-07-28T16:46:34.268124+00:00", "train_time": 10848, "train_step": 17834, "platform": "tencent_kaiwu", "business": "competition", "user_id": 1, "team_id": 2, "project_code": "back_to_the_realm_v2", "project_version": "24.0.1", "task_id": "uuid", "algorithm": "target_dqn", "model_file_name": "back_to_the_realm_v2-target_dqn-17834-2025_07_29_00_46_34-24.0.1.zip", "model_file_hash": "9809e06f5fc913612c1812ec350f2349c0127fb0885f88a8818687bfb0c31b74", "model_file_path": ["ckpt/model.ckpt-17834.pkl"], "signature": null}