{"created_at": "2025-08-01T20:27:18.961172+00:00", "train_time": 10855, "train_step": 17253, "platform": "tencent_kaiwu", "business": "competition", "user_id": 1, "team_id": 2, "project_code": "back_to_the_realm_v2", "project_version": "24.0.1", "task_id": "uuid", "algorithm": "target_dqn", "model_file_name": "back_to_the_realm_v2-target_dqn-17253-2025_08_02_04_27_18-24.0.1.zip", "model_file_hash": "c74a599afd3b645c7539c75c3984ef0805c2d8e91f7214b2a7130476db5f1816", "model_file_path": ["ckpt/model.ckpt-17253.pkl"], "signature": null}