{"created_at": "2025-08-05T10:31:15.066970+00:00", "train_time": 25291, "train_step": 39497, "platform": "tencent_kaiwu", "business": "competition", "user_id": 1, "team_id": 2, "project_code": "back_to_the_realm_v2", "project_version": "24.0.1", "task_id": "uuid", "algorithm": "target_dqn", "model_file_name": "back_to_the_realm_v2-target_dqn-39497-2025_08_05_18_31_15-24.0.1.zip", "model_file_hash": "8d4b1b9f56769128846ddc5038753e134597927e5282955fb80d445e7b85ef50", "model_file_path": ["ckpt/model.ckpt-39497.pkl"], "signature": null}