{"created_at": "2025-07-31T11:36:08.125699+00:00", "train_time": 10843, "train_step": 17070, "platform": "tencent_kaiwu", "business": "competition", "user_id": 1, "team_id": 2, "project_code": "back_to_the_realm_v2", "project_version": "24.0.1", "task_id": "uuid", "algorithm": "target_dqn", "model_file_name": "back_to_the_realm_v2-target_dqn-17070-2025_07_31_19_36_08-24.0.1.zip", "model_file_hash": "b1181631691d573b81263e4664760f4ca337d234b62cbd96a23708e782c8e9af", "model_file_path": ["ckpt/model.ckpt-17070.pkl"], "signature": null}