{"created_at": "2025-08-02T13:43:39.704815+00:00", "train_time": 9073, "train_step": 14435, "platform": "tencent_kaiwu", "business": "competition", "user_id": 1, "team_id": 2, "project_code": "back_to_the_realm_v2", "project_version": "24.0.1", "task_id": "uuid", "algorithm": "target_dqn", "model_file_name": "back_to_the_realm_v2-target_dqn-14435-2025_08_02_21_43_39-24.0.1.zip", "model_file_hash": "add6d7d7d409e11bc3d1b3be01971b331457d34c46e5722f5d363bcbc21fe4d2", "model_file_path": ["ckpt/model.ckpt-14435.pkl"], "signature": null}