{"created_at": "2025-08-03T06:10:51.171960+00:00", "train_time": 7246, "train_step": 11499, "platform": "tencent_kaiwu", "business": "competition", "user_id": 1, "team_id": 2, "project_code": "back_to_the_realm_v2", "project_version": "24.0.1", "task_id": "uuid", "algorithm": "target_dqn", "model_file_name": "back_to_the_realm_v2-target_dqn-11499-2025_08_03_14_10_51-24.0.1.zip", "model_file_hash": "138bb460914118ecf8ac3cd9662707de759cc26549b2240ff455107d242dc112", "model_file_path": ["ckpt/model.ckpt-11499.pkl"], "signature": null}