{"created_at": "2025-07-30T15:30:11.308433+00:00", "train_time": 21663, "train_step": 35857, "platform": "tencent_kaiwu", "business": "competition", "user_id": 1, "team_id": 2, "project_code": "back_to_the_realm_v2", "project_version": "24.0.1", "task_id": "uuid", "algorithm": "target_dqn", "model_file_name": "back_to_the_realm_v2-target_dqn-35857-2025_07_30_23_30_11-24.0.1.zip", "model_file_hash": "117417558b9b90a74b6b40e7321e00ce42ec9fa1b52a02328ac579603b5eb6a9", "model_file_path": ["ckpt/model.ckpt-35857.pkl"], "signature": null}