{"created_at": "2025-08-03T07:11:20.963044+00:00", "train_time": 10876, "train_step": 17328, "platform": "tencent_kaiwu", "business": "competition", "user_id": 1, "team_id": 2, "project_code": "back_to_the_realm_v2", "project_version": "24.0.1", "task_id": "uuid", "algorithm": "target_dqn", "model_file_name": "back_to_the_realm_v2-target_dqn-17328-2025_08_03_15_11_20-24.0.1.zip", "model_file_hash": "8c8e28433eb8f731b022e0b6e11e91f17c6ef342a94f54fc808634a374dddb67", "model_file_path": ["ckpt/model.ckpt-17328.pkl"], "signature": null}