{"created_at": "2025-07-29T16:16:35.616194+00:00", "train_time": 28909, "train_step": 48550, "platform": "tencent_kaiwu", "business": "competition", "user_id": 1, "team_id": 2, "project_code": "back_to_the_realm_v2", "project_version": "24.0.1", "task_id": "uuid", "algorithm": "target_dqn", "model_file_name": "back_to_the_realm_v2-target_dqn-48550-2025_07_30_00_16_35-24.0.1.zip", "model_file_hash": "051d60c71b0150793cf9815f9e66fbe70320e05e78d1c3f5e202a9dc72a075d6", "model_file_path": ["ckpt/model.ckpt-48550.pkl"], "signature": null}