{"created_at": "2025-07-30T21:00:52.907912+00:00", "train_time": 41514, "train_step": 68997, "platform": "tencent_kaiwu", "business": "competition", "user_id": 1, "team_id": 2, "project_code": "back_to_the_realm_v2", "project_version": "24.0.1", "task_id": "uuid", "algorithm": "target_dqn", "model_file_name": "back_to_the_realm_v2-target_dqn-68997-2025_07_31_05_00_52-24.0.1.zip", "model_file_hash": "4160fbe79965d4985cb28af3ae0488daca3b5c86d78b25c4c9a3ea0d53012c6c", "model_file_path": ["ckpt/model.ckpt-68997.pkl"], "signature": null}