{"created_at": "2025-08-02T11:43:05.359395+00:00", "train_time": 1838, "train_step": 2888, "platform": "tencent_kaiwu", "business": "competition", "user_id": 1, "team_id": 2, "project_code": "back_to_the_realm_v2", "project_version": "24.0.1", "task_id": "uuid", "algorithm": "target_dqn", "model_file_name": "back_to_the_realm_v2-target_dqn-2888-2025_08_02_19_43_05-24.0.1.zip", "model_file_hash": "835277edfa1207583157c919f4c937e1857a1fb70e2118f23cc8cd35e24ba6ec", "model_file_path": ["ckpt/model.ckpt-2888.pkl"], "signature": null}