{"created_at": "2025-08-07T17:33:44.564293+00:00", "train_time": 18065, "train_step": 28275, "platform": "tencent_kaiwu", "business": "competition", "user_id": 1, "team_id": 2, "project_code": "back_to_the_realm_v2", "project_version": "24.0.1", "task_id": "uuid", "algorithm": "target_dqn", "model_file_name": "back_to_the_realm_v2-target_dqn-28275-2025_08_08_01_33_44-24.0.1.zip", "model_file_hash": "f8a91b2908721580015bf71db9c50a2291337ccfa48fbab97b0301ba0f5f0de2", "model_file_path": ["ckpt/model.ckpt-28275.pkl"], "signature": null}