{"created_at": "2025-08-02T21:29:11.381604+00:00", "train_time": 27118, "train_step": 43170, "platform": "tencent_kaiwu", "business": "competition", "user_id": 1, "team_id": 2, "project_code": "back_to_the_realm_v2", "project_version": "24.0.1", "task_id": "uuid", "algorithm": "target_dqn", "model_file_name": "back_to_the_realm_v2-target_dqn-43170-2025_08_03_05_29_11-24.0.1.zip", "model_file_hash": "5d3456f82a9e19c07fcddd91239c72d67122010787f7f0dc31e7c6f0ef27a5f9", "model_file_path": ["ckpt/model.ckpt-43170.pkl"], "signature": null}