{"created_at": "2025-07-29T08:45:05.363067+00:00", "train_time": 1818, "train_step": 3016, "platform": "tencent_kaiwu", "business": "competition", "user_id": 1, "team_id": 2, "project_code": "back_to_the_realm_v2", "project_version": "24.0.1", "task_id": "uuid", "algorithm": "target_dqn", "model_file_name": "back_to_the_realm_v2-target_dqn-3016-2025_07_29_16_45_05-24.0.1.zip", "model_file_hash": "094913d3aafb0d03b290f493d57f5c56d5bdd780b8767e4c5b8817c9f8536cb0", "model_file_path": ["ckpt/model.ckpt-3016.pkl"], "signature": null}