{"created_at": "2025-08-03T01:59:26.671108+00:00", "train_time": 43334, "train_step": 69155, "platform": "tencent_kaiwu", "business": "competition", "user_id": 1, "team_id": 2, "project_code": "back_to_the_realm_v2", "project_version": "24.0.1", "task_id": "uuid", "algorithm": "target_dqn", "model_file_name": "back_to_the_realm_v2-target_dqn-69155-2025_08_03_09_59_26-24.0.1.zip", "model_file_hash": "abd742f2641a635a58640e666d3354c553f544630fd903234f31dbbbe92d1119", "model_file_path": ["ckpt/model.ckpt-69155.pkl"], "signature": null}