{"created_at": "2025-08-08T04:03:41.563464+00:00", "train_time": 7236, "train_step": 10998, "platform": "tencent_kaiwu", "business": "competition", "user_id": 1, "team_id": 2, "project_code": "back_to_the_realm_v2", "project_version": "24.0.1", "task_id": "uuid", "algorithm": "target_dqn", "model_file_name": "back_to_the_realm_v2-target_dqn-10998-2025_08_08_12_03_41-24.0.1.zip", "model_file_hash": "d7df6b3e7f5da6a0eb8c39b3a72ccc55664381b7fca6cfc9554a47247957c959", "model_file_path": ["ckpt/model.ckpt-10998.pkl"], "signature": null}