{"created_at": "2025-08-01T08:31:16.785948+00:00", "train_time": 3, "train_step": 0, "platform": "tencent_kaiwu", "business": "competition", "user_id": 1, "team_id": 2, "project_code": "back_to_the_realm_v2", "project_version": "24.0.1", "task_id": "uuid", "algorithm": "target_dqn", "model_file_name": "back_to_the_realm_v2-target_dqn-0-2025_08_01_16_31_16-24.0.1.zip", "model_file_hash": "6bdac27fd10471ac510e8a0e31e74234d2ac589584e84b4b38f06f0b2dab7cbb", "model_file_path": ["ckpt/model.ckpt-0.pkl"], "signature": null}