{"created_at": "2025-07-29T21:25:36.434135+00:00", "train_time": 16269, "train_step": 27507, "platform": "tencent_kaiwu", "business": "competition", "user_id": 1, "team_id": 2, "project_code": "back_to_the_realm_v2", "project_version": "24.0.1", "task_id": "uuid", "algorithm": "target_dqn", "model_file_name": "back_to_the_realm_v2-target_dqn-27507-2025_07_30_05_25_36-24.0.1.zip", "model_file_hash": "6662136d255841ed748ac5b9c5f24e015dbcaf2803e22c9e13102cf0ed521209", "model_file_path": ["ckpt/model.ckpt-27507.pkl"], "signature": null}