{"created_at": "2025-07-25T05:55:41.577466+00:00", "train_time": 5433, "train_step": 9188, "platform": "tencent_kaiwu", "business": "competition", "user_id": 1, "team_id": 2, "project_code": "back_to_the_realm_v2", "project_version": "24.0.1", "task_id": "uuid", "algorithm": "target_dqn", "model_file_name": "back_to_the_realm_v2-target_dqn-9188-2025_07_25_13_55_41-24.0.1.zip", "model_file_hash": "7f50388021f8f0d92f254e00080ed48572cb0081f3a9773e392a580cc0aea0db", "model_file_path": ["ckpt/model.ckpt-9188.pkl"], "signature": null}