{"created_at": "2025-08-04T12:19:32.683323+00:00", "train_time": 23530, "train_step": 36789, "platform": "tencent_kaiwu", "business": "competition", "user_id": 1, "team_id": 2, "project_code": "back_to_the_realm_v2", "project_version": "24.0.1", "task_id": "uuid", "algorithm": "target_dqn", "model_file_name": "back_to_the_realm_v2-target_dqn-36789-2025_08_04_20_19_32-24.0.1.zip", "model_file_hash": "ad965e3ce09bb79cc735d2ff2da910a1f1c544201a00f754c5695bf7cb6c2c28", "model_file_path": ["ckpt/model.ckpt-36789.pkl"], "signature": null}