{"created_at": "2025-08-02T01:27:34.316369+00:00", "train_time": 28871, "train_step": 45861, "platform": "tencent_kaiwu", "business": "competition", "user_id": 1, "team_id": 2, "project_code": "back_to_the_realm_v2", "project_version": "24.0.1", "task_id": "uuid", "algorithm": "target_dqn", "model_file_name": "back_to_the_realm_v2-target_dqn-45861-2025_08_02_09_27_34-24.0.1.zip", "model_file_hash": "4f82a937758eda13d919bf9e60bc439482b48c8aeb7d2afbce9e6298a852eb5f", "model_file_path": ["ckpt/model.ckpt-45861.pkl"], "signature": null}