{"created_at": "2025-08-07T11:19:58.541262+00:00", "train_time": 7245, "train_step": 11317, "platform": "tencent_kaiwu", "business": "competition", "user_id": 1, "team_id": 2, "project_code": "back_to_the_realm_v2", "project_version": "24.0.1", "task_id": "uuid", "algorithm": "target_dqn", "model_file_name": "back_to_the_realm_v2-target_dqn-11317-2025_08_07_19_19_58-24.0.1.zip", "model_file_hash": "644b0378bebf64f809ddf8099c11a364cecf6b66b89ba2dd7027390c1e35748a", "model_file_path": ["ckpt/model.ckpt-11317.pkl"], "signature": null}