{"created_at": "2025-08-02T19:29:07.589460+00:00", "train_time": 19914, "train_step": 31621, "platform": "tencent_kaiwu", "business": "competition", "user_id": 1, "team_id": 2, "project_code": "back_to_the_realm_v2", "project_version": "24.0.1", "task_id": "uuid", "algorithm": "target_dqn", "model_file_name": "back_to_the_realm_v2-target_dqn-31621-2025_08_03_03_29_07-24.0.1.zip", "model_file_hash": "bfe90e97f1af53325fa9df8140f54fe4f78d658f748fb462b9216c3b612abd88", "model_file_path": ["ckpt/model.ckpt-31621.pkl"], "signature": null}