{"created_at": "2025-08-08T01:07:32.762022+00:00", "train_time": 45294, "train_step": 72622, "platform": "tencent_kaiwu", "business": "competition", "user_id": 1, "team_id": 2, "project_code": "back_to_the_realm_v2", "project_version": "24.0.1", "task_id": "uuid", "algorithm": "target_dqn", "model_file_name": "back_to_the_realm_v2-target_dqn-72622-2025_08_08_09_07_32-24.0.1.zip", "model_file_hash": "fc450e81922ef2f7657fcd18095bc9ee9a2d019bd61bc3472f6bd8e2877e4d1d", "model_file_path": ["ckpt/model.ckpt-72622.pkl"], "signature": null}