{"created_at": "2025-07-29T15:46:30.051128+00:00", "train_time": 27103, "train_step": 45497, "platform": "tencent_kaiwu", "business": "competition", "user_id": 1, "team_id": 2, "project_code": "back_to_the_realm_v2", "project_version": "24.0.1", "task_id": "uuid", "algorithm": "target_dqn", "model_file_name": "back_to_the_realm_v2-target_dqn-45497-2025_07_29_23_46_30-24.0.1.zip", "model_file_hash": "5e4523e21cd123cadf0cc7ed9a707164cb12bc22b627e8b5aa3eada063bfece0", "model_file_path": ["ckpt/model.ckpt-45497.pkl"], "signature": null}