{"created_at": "2025-07-29T12:15:54.487520+00:00", "train_time": 14467, "train_step": 24301, "platform": "tencent_kaiwu", "business": "competition", "user_id": 1, "team_id": 2, "project_code": "back_to_the_realm_v2", "project_version": "24.0.1", "task_id": "uuid", "algorithm": "target_dqn", "model_file_name": "back_to_the_realm_v2-target_dqn-24301-2025_07_29_20_15_54-24.0.1.zip", "model_file_hash": "b681e153aacb48fe5aa02f64e57a862ed5b54f052873aee3a551e40603bc021d", "model_file_path": ["ckpt/model.ckpt-24301.pkl"], "signature": null}