{"created_at": "2025-08-07T12:33:12.685245+00:00", "train_time": 32, "train_step": 0, "platform": "tencent_kaiwu", "business": "competition", "user_id": 1, "team_id": 2, "project_code": "back_to_the_realm_v2", "project_version": "24.0.1", "task_id": "uuid", "algorithm": "target_dqn", "model_file_name": "back_to_the_realm_v2-target_dqn-0-2025_08_07_20_33_12-24.0.1.zip", "model_file_hash": "23041eb5dc84056fddfe83ebd778556b9c9971be5ff880a7126d7524afdf82d2", "model_file_path": ["ckpt/model.ckpt-0.pkl"], "signature": null}