{"created_at": "2025-07-31T02:31:40.318810+00:00", "train_time": 61362, "train_step": 102389, "platform": "tencent_kaiwu", "business": "competition", "user_id": 1, "team_id": 2, "project_code": "back_to_the_realm_v2", "project_version": "24.0.1", "task_id": "uuid", "algorithm": "target_dqn", "model_file_name": "back_to_the_realm_v2-target_dqn-102389-2025_07_31_10_31_40-24.0.1.zip", "model_file_hash": "3cfc6a6a304959ace93d0d49fbf670d70e1b7fde76e7a5dc678961629faf5246", "model_file_path": ["ckpt/model.ckpt-102389.pkl"], "signature": null}