{"created_at": "2025-08-06T13:04:02.658879+00:00", "train_time": 32478, "train_step": 50465, "platform": "tencent_kaiwu", "business": "competition", "user_id": 1, "team_id": 2, "project_code": "back_to_the_realm_v2", "project_version": "24.0.1", "task_id": "uuid", "algorithm": "target_dqn", "model_file_name": "back_to_the_realm_v2-target_dqn-50465-2025_08_06_21_04_02-24.0.1.zip", "model_file_hash": "05cda4d66d4eadaddd29c1b1bbbc5b557951972325d3fbb93af667b9744c8d2b", "model_file_path": ["ckpt/model.ckpt-50465.pkl"], "signature": null}