{"created_at": "2025-08-07T07:46:50.655463+00:00", "train_time": 5433, "train_step": 8569, "platform": "tencent_kaiwu", "business": "competition", "user_id": 1, "team_id": 2, "project_code": "back_to_the_realm_v2", "project_version": "24.0.1", "task_id": "uuid", "algorithm": "target_dqn", "model_file_name": "back_to_the_realm_v2-target_dqn-8569-2025_08_07_15_46_50-24.0.1.zip", "model_file_hash": "8f6648b616f8cd8ac7fa98ca8696b4c2f284dc863caf1362104590b5affae0ca", "model_file_path": ["ckpt/model.ckpt-8569.pkl"], "signature": null}