{"created_at": "2025-08-02T00:57:33.180842+00:00", "train_time": 27070, "train_step": 43006, "platform": "tencent_kaiwu", "business": "competition", "user_id": 1, "team_id": 2, "project_code": "back_to_the_realm_v2", "project_version": "24.0.1", "task_id": "uuid", "algorithm": "target_dqn", "model_file_name": "back_to_the_realm_v2-target_dqn-43006-2025_08_02_08_57_33-24.0.1.zip", "model_file_hash": "fb35a922b8539901de936fc134e0c80a26ef5e559d05b56ffd5982ac62059723", "model_file_path": ["ckpt/model.ckpt-43006.pkl"], "signature": null}