{"created_at": "2025-08-04T04:31:26.880883+00:00", "train_time": 670, "train_step": 984, "platform": "tencent_kaiwu", "business": "competition", "user_id": 1, "team_id": 2, "project_code": "back_to_the_realm_v2", "project_version": "24.0.1", "task_id": "uuid", "algorithm": "target_dqn", "model_file_name": "back_to_the_realm_v2-target_dqn-984-2025_08_04_12_31_26-24.0.1.zip", "model_file_hash": "9f852bf2ef8d88b3c322e2676611bea6abb67ccacebd92ae39ecbc752d8fe123", "model_file_path": ["ckpt/model.ckpt-984.pkl"], "signature": null}