{"created_at": "2025-08-08T12:35:20.690428+00:00", "train_time": 37936, "train_step": 58952, "platform": "tencent_kaiwu", "business": "competition", "user_id": 1, "team_id": 2, "project_code": "back_to_the_realm_v2", "project_version": "24.0.1", "task_id": "uuid", "algorithm": "target_dqn", "model_file_name": "back_to_the_realm_v2-target_dqn-58952-2025_08_08_20_35_20-24.0.1.zip", "model_file_hash": "72332101e600a78744cbf904303dcdf06809e874f593a0105bb9ef980047787f", "model_file_path": ["ckpt/model.ckpt-58952.pkl"], "signature": null}