{"created_at": "2025-07-28T12:19:22.433606+00:00", "train_time": 14455, "train_step": 23923, "platform": "tencent_kaiwu", "business": "competition", "user_id": 1, "team_id": 2, "project_code": "back_to_the_realm_v2", "project_version": "24.0.1", "task_id": "uuid", "algorithm": "dqn", "model_file_name": "back_to_the_realm_v2-dqn-23923-2025_07_28_20_19_22-24.0.1.zip", "model_file_hash": "f3868b8bfc87a5d189b3af0cfc62fd893b3b8a8c67805c38d69d9f6a2fc495c3", "model_file_path": ["ckpt/model.ckpt-23923.pkl"], "signature": null}