{"created_at": "2025-08-05T01:10:04.073429+00:00", "train_time": 28910, "train_step": 45970, "platform": "tencent_kaiwu", "business": "competition", "user_id": 1, "team_id": 2, "project_code": "back_to_the_realm_v2", "project_version": "24.0.1", "task_id": "uuid", "algorithm": "target_dqn", "model_file_name": "back_to_the_realm_v2-target_dqn-45970-2025_08_05_09_10_04-24.0.1.zip", "model_file_hash": "46e13c4da3b56bd773926eb8eb2c876a6b2de9f33050b43f454fb2495f75730c", "model_file_path": ["ckpt/model.ckpt-45970.pkl"], "signature": null}