{"created_at": "2025-07-28T13:19:51.111706+00:00", "train_time": 18084, "train_step": 29874, "platform": "tencent_kaiwu", "business": "competition", "user_id": 1, "team_id": 2, "project_code": "back_to_the_realm_v2", "project_version": "24.0.1", "task_id": "uuid", "algorithm": "dqn", "model_file_name": "back_to_the_realm_v2-dqn-29874-2025_07_28_21_19_51-24.0.1.zip", "model_file_hash": "08d3d8f4780796e875bd4162c12d02d838b5c346348f6863d6a48e1bb6fed827", "model_file_path": ["ckpt/model.ckpt-29874.pkl"], "signature": null}