{"created_at": "2025-07-28T10:19:05.341867+00:00", "train_time": 7238, "train_step": 11883, "platform": "tencent_kaiwu", "business": "competition", "user_id": 1, "team_id": 2, "project_code": "back_to_the_realm_v2", "project_version": "24.0.1", "task_id": "uuid", "algorithm": "dqn", "model_file_name": "back_to_the_realm_v2-dqn-11883-2025_07_28_18_19_05-24.0.1.zip", "model_file_hash": "2d37d8e755775fee9041e14d332d0ab8c696f31f85d506bdfaa4b3985efc79da", "model_file_path": ["ckpt/model.ckpt-11883.pkl"], "signature": null}