{"created_at": "2025-08-02T13:57:58.031680+00:00", "train_time": 32, "train_step": 0, "platform": "tencent_kaiwu", "business": "competition", "user_id": 1, "team_id": 2, "project_code": "back_to_the_realm_v2", "project_version": "24.0.1", "task_id": "uuid", "algorithm": "target_dqn", "model_file_name": "back_to_the_realm_v2-target_dqn-0-2025_08_02_21_57_58-24.0.1.zip", "model_file_hash": "f91756a5e8dd3d1876f8eebba0f9591f61e09c56449f2988ca8e70a283dd9e81", "model_file_path": ["ckpt/model.ckpt-0.pkl"], "signature": null}