{"created_at": "2025-07-30T05:27:18.082847+00:00", "train_time": 45171, "train_step": 75668, "platform": "tencent_kaiwu", "business": "competition", "user_id": 1, "team_id": 2, "project_code": "back_to_the_realm_v2", "project_version": "24.0.1", "task_id": "uuid", "algorithm": "target_dqn", "model_file_name": "back_to_the_realm_v2-target_dqn-75668-2025_07_30_13_27_18-24.0.1.zip", "model_file_hash": "2292fcb4d11b3fadb3efcb90f3fd7e76b86fb210e10ae3eb010261d581086ba2", "model_file_path": ["ckpt/model.ckpt-75668.pkl"], "signature": null}