{"created_at": "2025-08-04T04:19:16.735235+00:00", "train_time": 805, "train_step": 1197, "platform": "tencent_kaiwu", "business": "competition", "user_id": 1, "team_id": 2, "project_code": "back_to_the_realm_v2", "project_version": "24.0.1", "task_id": "uuid", "algorithm": "target_dqn", "model_file_name": "back_to_the_realm_v2-target_dqn-1197-2025_08_04_12_19_16-24.0.1.zip", "model_file_hash": "dbd30a33db7d1cd878f5f794baa518eb5d8e4e430e166fe3627669b8d1a3952f", "model_file_path": ["ckpt/model.ckpt-1197.pkl"], "signature": null}