{"created_at": "2025-07-31T17:27:40.583929+00:00", "train_time": 31936, "train_step": 50302, "platform": "tencent_kaiwu", "business": "competition", "user_id": 1, "team_id": 2, "project_code": "back_to_the_realm_v2", "project_version": "24.0.1", "task_id": "uuid", "algorithm": "target_dqn", "model_file_name": "back_to_the_realm_v2-target_dqn-50302-2025_08_01_01_27_40-24.0.1.zip", "model_file_hash": "9265b11226150f2ae9db924a127c6ce5c659bd425fcab1fcfd8766197a8a4d9a", "model_file_path": ["ckpt/model.ckpt-50302.pkl"], "signature": null}