{"created_at": "2025-08-08T11:04:54.430269+00:00", "train_time": 32509, "train_step": 50420, "platform": "tencent_kaiwu", "business": "competition", "user_id": 1, "team_id": 2, "project_code": "back_to_the_realm_v2", "project_version": "24.0.1", "task_id": "uuid", "algorithm": "target_dqn", "model_file_name": "back_to_the_realm_v2-target_dqn-50420-2025_08_08_19_04_54-24.0.1.zip", "model_file_hash": "65d7beafa2ba5ab8c46eb8795d564966d19b41be34126f161da43d9df813be84", "model_file_path": ["ckpt/model.ckpt-50420.pkl"], "signature": null}