{"created_at": "2025-08-05T11:01:19.318230+00:00", "train_time": 27095, "train_step": 42269, "platform": "tencent_kaiwu", "business": "competition", "user_id": 1, "team_id": 2, "project_code": "back_to_the_realm_v2", "project_version": "24.0.1", "task_id": "uuid", "algorithm": "target_dqn", "model_file_name": "back_to_the_realm_v2-target_dqn-42269-2025_08_05_19_01_19-24.0.1.zip", "model_file_hash": "dc5d53168dad38adb3175c90b535f9194150827f083cf434a14f5904d86db9f7", "model_file_path": ["ckpt/model.ckpt-42269.pkl"], "signature": null}