{"created_at": "2025-08-06T23:32:15.923052+00:00", "train_time": 25821, "train_step": 41899, "platform": "tencent_kaiwu", "business": "competition", "user_id": 1, "team_id": 2, "project_code": "back_to_the_realm_v2", "project_version": "24.0.1", "task_id": "uuid", "algorithm": "target_dqn", "model_file_name": "back_to_the_realm_v2-target_dqn-41899-2025_08_07_07_32_15-24.0.1.zip", "model_file_hash": "ab5012935938a0b9c71d83956ceb7e74350a240ef6efce9bd93253e0a5a07c6b", "model_file_path": ["ckpt/model.ckpt-41899.pkl"], "signature": null}