{"created_at": "2025-08-01T17:11:51.031334+00:00", "train_time": 28877, "train_step": 45696, "platform": "tencent_kaiwu", "business": "competition", "user_id": 1, "team_id": 2, "project_code": "back_to_the_realm_v2", "project_version": "24.0.1", "task_id": "uuid", "algorithm": "target_dqn", "model_file_name": "back_to_the_realm_v2-target_dqn-45696-2025_08_02_01_11_51-24.0.1.zip", "model_file_hash": "72afbbf4ae0922ba776462e0676311522bca68bcd574e62cf87afc00237a9b3d", "model_file_path": ["ckpt/model.ckpt-45696.pkl"], "signature": null}