{"created_at": "2025-08-06T10:33:38.258639+00:00", "train_time": 23453, "train_step": 36515, "platform": "tencent_kaiwu", "business": "competition", "user_id": 1, "team_id": 2, "project_code": "back_to_the_realm_v2", "project_version": "24.0.1", "task_id": "uuid", "algorithm": "target_dqn", "model_file_name": "back_to_the_realm_v2-target_dqn-36515-2025_08_06_18_33_38-24.0.1.zip", "model_file_hash": "22979283d4180cc1b8189460e810d29b4ab09e9a2fdaf58a18d19a3c5331aaf4", "model_file_path": ["ckpt/model.ckpt-36515.pkl"], "signature": null}