{"created_at": "2025-08-03T01:29:25.413593+00:00", "train_time": 41533, "train_step": 66269, "platform": "tencent_kaiwu", "business": "competition", "user_id": 1, "team_id": 2, "project_code": "back_to_the_realm_v2", "project_version": "24.0.1", "task_id": "uuid", "algorithm": "target_dqn", "model_file_name": "back_to_the_realm_v2-target_dqn-66269-2025_08_03_09_29_25-24.0.1.zip", "model_file_hash": "f4838e440a320af5651f03916ab84004bb468fc6cc485e2c3fb7e4d14cb7d637", "model_file_path": ["ckpt/model.ckpt-66269.pkl"], "signature": null}