{"created_at": "2025-07-30T03:27:01.668455+00:00", "train_time": 37955, "train_step": 63807, "platform": "tencent_kaiwu", "business": "competition", "user_id": 1, "team_id": 2, "project_code": "back_to_the_realm_v2", "project_version": "24.0.1", "task_id": "uuid", "algorithm": "target_dqn", "model_file_name": "back_to_the_realm_v2-target_dqn-63807-2025_07_30_11_27_01-24.0.1.zip", "model_file_hash": "7122efdd62b9a4ae25d88fd9073d4fd0ad4a26cb7cfd52fb79f7837dd58577f6", "model_file_path": ["ckpt/model.ckpt-63807.pkl"], "signature": null}