{"created_at": "2025-08-08T06:04:23.879975+00:00", "train_time": 14478, "train_step": 22267, "platform": "tencent_kaiwu", "business": "competition", "user_id": 1, "team_id": 2, "project_code": "back_to_the_realm_v2", "project_version": "24.0.1", "task_id": "uuid", "algorithm": "target_dqn", "model_file_name": "back_to_the_realm_v2-target_dqn-22267-2025_08_08_14_04_23-24.0.1.zip", "model_file_hash": "7727dbc6c51471c722fc353421a596cfcc79b74b8d9b444dc25232b7870b117c", "model_file_path": ["ckpt/model.ckpt-22267.pkl"], "signature": null}