{"created_at": "2025-08-05T00:10:01.939430+00:00", "train_time": 25308, "train_step": 40230, "platform": "tencent_kaiwu", "business": "competition", "user_id": 1, "team_id": 2, "project_code": "back_to_the_realm_v2", "project_version": "24.0.1", "task_id": "uuid", "algorithm": "target_dqn", "model_file_name": "back_to_the_realm_v2-target_dqn-40230-2025_08_05_08_10_01-24.0.1.zip", "model_file_hash": "d519a301995c2da49823a38e9de99f93f2ddedcae035017534b687b88daf8fed", "model_file_path": ["ckpt/model.ckpt-40230.pkl"], "signature": null}