{"created_at": "2025-08-05T12:01:20.329342+00:00", "train_time": 30697, "train_step": 47933, "platform": "tencent_kaiwu", "business": "competition", "user_id": 1, "team_id": 2, "project_code": "back_to_the_realm_v2", "project_version": "24.0.1", "task_id": "uuid", "algorithm": "target_dqn", "model_file_name": "back_to_the_realm_v2-target_dqn-47933-2025_08_05_20_01_20-24.0.1.zip", "model_file_hash": "f8efaeb13c721c506508f0900f7d94623e3eabcd2909d40d176986940ede468a", "model_file_path": ["ckpt/model.ckpt-47933.pkl"], "signature": null}