{"created_at": "2025-07-30T12:59:55.377888+00:00", "train_time": 12646, "train_step": 20897, "platform": "tencent_kaiwu", "business": "competition", "user_id": 1, "team_id": 2, "project_code": "back_to_the_realm_v2", "project_version": "24.0.1", "task_id": "uuid", "algorithm": "target_dqn", "model_file_name": "back_to_the_realm_v2-target_dqn-20897-2025_07_30_20_59_55-24.0.1.zip", "model_file_hash": "a5a1d21bc3a86a1aeed15055f316cf947f2b7bb0fd86572b239b79b2e17713df", "model_file_path": ["ckpt/model.ckpt-20897.pkl"], "signature": null}