{"created_at": "2025-08-01T18:26:48.875080+00:00", "train_time": 3625, "train_step": 5748, "platform": "tencent_kaiwu", "business": "competition", "user_id": 1, "team_id": 2, "project_code": "back_to_the_realm_v2", "project_version": "24.0.1", "task_id": "uuid", "algorithm": "target_dqn", "model_file_name": "back_to_the_realm_v2-target_dqn-5748-2025_08_02_02_26_48-24.0.1.zip", "model_file_hash": "2073aa05883206dd91b321240b2444b7e0d1618e383c549f83f64a8bd86280db", "model_file_path": ["ckpt/model.ckpt-5748.pkl"], "signature": null}