{"created_at": "2025-07-30T16:00:17.506418+00:00", "train_time": 23469, "train_step": 38843, "platform": "tencent_kaiwu", "business": "competition", "user_id": 1, "team_id": 2, "project_code": "back_to_the_realm_v2", "project_version": "24.0.1", "task_id": "uuid", "algorithm": "target_dqn", "model_file_name": "back_to_the_realm_v2-target_dqn-38843-2025_07_31_00_00_17-24.0.1.zip", "model_file_hash": "e75ca4269f63841e1339b835d085c330bcb4ce0274752958503160f112e73be3", "model_file_path": ["ckpt/model.ckpt-38843.pkl"], "signature": null}