{"created_at": "2025-07-29T14:16:04.908786+00:00", "train_time": 21678, "train_step": 36470, "platform": "tencent_kaiwu", "business": "competition", "user_id": 1, "team_id": 2, "project_code": "back_to_the_realm_v2", "project_version": "24.0.1", "task_id": "uuid", "algorithm": "target_dqn", "model_file_name": "back_to_the_realm_v2-target_dqn-36470-2025_07_29_22_16_04-24.0.1.zip", "model_file_hash": "a598338dcfd3c7a9ed56e04699410318b621ac50e6af730f03b4ac220932a301", "model_file_path": ["ckpt/model.ckpt-36470.pkl"], "signature": null}