{"created_at": "2025-08-07T21:05:00.796845+00:00", "train_time": 30742, "train_step": 48924, "platform": "tencent_kaiwu", "business": "competition", "user_id": 1, "team_id": 2, "project_code": "back_to_the_realm_v2", "project_version": "24.0.1", "task_id": "uuid", "algorithm": "target_dqn", "model_file_name": "back_to_the_realm_v2-target_dqn-48924-2025_08_08_05_05_00-24.0.1.zip", "model_file_hash": "5dd65942901668e3a0062f480fe8a9c44ae2b795853ae4c1ceee166785ce2a0e", "model_file_path": ["ckpt/model.ckpt-48924.pkl"], "signature": null}