{"created_at": "2025-08-08T08:04:26.932087+00:00", "train_time": 21682, "train_step": 33549, "platform": "tencent_kaiwu", "business": "competition", "user_id": 1, "team_id": 2, "project_code": "back_to_the_realm_v2", "project_version": "24.0.1", "task_id": "uuid", "algorithm": "target_dqn", "model_file_name": "back_to_the_realm_v2-target_dqn-33549-2025_08_08_16_04_26-24.0.1.zip", "model_file_hash": "77b94776bef8cd937deac2b687f1cc17f7595b24fcd753f3d3229814d6d28620", "model_file_path": ["ckpt/model.ckpt-33549.pkl"], "signature": null}