{"created_at": "2025-08-03T12:46:46.933989+00:00", "train_time": 12662, "train_step": 20169, "platform": "tencent_kaiwu", "business": "competition", "user_id": 1, "team_id": 2, "project_code": "back_to_the_realm_v2", "project_version": "24.0.1", "task_id": "uuid", "algorithm": "target_dqn", "model_file_name": "back_to_the_realm_v2-target_dqn-20169-2025_08_03_20_46_46-24.0.1.zip", "model_file_hash": "c40f6ff1eb9a4c5c95c6e86ca955cc838cfed4306848fdd1a5d97f2c59d7623b", "model_file_path": ["ckpt/model.ckpt-20169.pkl"], "signature": null}