{"created_at": "2025-08-06T08:33:29.297016+00:00", "train_time": 16244, "train_step": 25405, "platform": "tencent_kaiwu", "business": "competition", "user_id": 1, "team_id": 2, "project_code": "back_to_the_realm_v2", "project_version": "24.0.1", "task_id": "uuid", "algorithm": "target_dqn", "model_file_name": "back_to_the_realm_v2-target_dqn-25405-2025_08_06_16_33_29-24.0.1.zip", "model_file_hash": "e8725e60402f0fd80010e9834e57d9b64086c4622d462be6a5ae855606f0ea3a", "model_file_path": ["ckpt/model.ckpt-25405.pkl"], "signature": null}