{"created_at": "2025-07-29T07:42:18.596648+00:00", "train_time": 8, "train_step": 0, "platform": "tencent_kaiwu", "business": "competition", "user_id": 1, "team_id": 2, "project_code": "back_to_the_realm_v2", "project_version": "24.0.1", "task_id": "uuid", "algorithm": "target_dqn", "model_file_name": "back_to_the_realm_v2-target_dqn-0-2025_07_29_15_42_18-24.0.1.zip", "model_file_hash": "bd6ea133a8db25632f1be98b17889203ce7d2c9e5f03eaa6fc4c81182f39057f", "model_file_path": ["ckpt/model.ckpt-0.pkl"], "signature": null}