{"created_at": "2025-08-02T12:13:24.719018+00:00", "train_time": 3658, "train_step": 5786, "platform": "tencent_kaiwu", "business": "competition", "user_id": 1, "team_id": 2, "project_code": "back_to_the_realm_v2", "project_version": "24.0.1", "task_id": "uuid", "algorithm": "target_dqn", "model_file_name": "back_to_the_realm_v2-target_dqn-5786-2025_08_02_20_13_24-24.0.1.zip", "model_file_hash": "9184dd40aa57aff80bca649f68567acf5a3cce0206bebfab56e649a29ce20bad", "model_file_path": ["ckpt/model.ckpt-5786.pkl"], "signature": null}