{"created_at": "2025-08-01T14:11:36.880175+00:00", "train_time": 18062, "train_step": 28580, "platform": "tencent_kaiwu", "business": "competition", "user_id": 1, "team_id": 2, "project_code": "back_to_the_realm_v2", "project_version": "24.0.1", "task_id": "uuid", "algorithm": "target_dqn", "model_file_name": "back_to_the_realm_v2-target_dqn-28580-2025_08_01_22_11_36-24.0.1.zip", "model_file_hash": "c2e0684fcdc10313ed15e52b9cf222245647d25ba765f60872e40ec69257b9f0", "model_file_path": ["ckpt/model.ckpt-28580.pkl"], "signature": null}