{"created_at": "2025-08-03T13:10:02.660391+00:00", "train_time": 14058, "train_step": 22315, "platform": "tencent_kaiwu", "business": "competition", "user_id": 1, "team_id": 2, "project_code": "back_to_the_realm_v2", "project_version": "24.0.1", "task_id": "uuid", "algorithm": "target_dqn", "model_file_name": "back_to_the_realm_v2-target_dqn-22315-2025_08_03_21_10_02-24.0.1.zip", "model_file_hash": "b9b73978dbfca8ac189b80fe10ebcbb9eaf091cfee1897115d6f7659e8ac38dd", "model_file_path": ["ckpt/model.ckpt-22315.pkl"], "signature": null}