{"created_at": "2025-08-07T03:19:30.212658+00:00", "train_time": 1820, "train_step": 2728, "platform": "tencent_kaiwu", "business": "competition", "user_id": 1, "team_id": 2, "project_code": "back_to_the_realm_v2", "project_version": "24.0.1", "task_id": "uuid", "algorithm": "target_dqn", "model_file_name": "back_to_the_realm_v2-target_dqn-2728-2025_08_07_11_19_30-24.0.1.zip", "model_file_hash": "f880498ad1ebe968a47f1ee84682aea0ebe96c4483fc7c0917cf739794ed9b24", "model_file_path": ["ckpt/model.ckpt-2728.pkl"], "signature": null}