{"created_at": "2025-07-31T16:06:30.841004+00:00", "train_time": 27066, "train_step": 42738, "platform": "tencent_kaiwu", "business": "competition", "user_id": 1, "team_id": 2, "project_code": "back_to_the_realm_v2", "project_version": "24.0.1", "task_id": "uuid", "algorithm": "target_dqn", "model_file_name": "back_to_the_realm_v2-target_dqn-42738-2025_08_01_00_06_30-24.0.1.zip", "model_file_hash": "9d0a2987774f656d8258b4f489a545b0a81cce17c93b450eb051ce9c7d3adce5", "model_file_path": ["ckpt/model.ckpt-42738.pkl"], "signature": null}