{"created_at": "2025-08-07T06:15:38.880094+00:00", "train_time": 68, "train_step": 33, "platform": "tencent_kaiwu", "business": "competition", "user_id": 1, "team_id": 2, "project_code": "back_to_the_realm_v2", "project_version": "24.0.1", "task_id": "uuid", "algorithm": "target_dqn", "model_file_name": "back_to_the_realm_v2-target_dqn-33-2025_08_07_14_15_38-24.0.1.zip", "model_file_hash": "b068fc4d9c633e5f86185f514512a70c9cddf011646a9910a072461d29a80f3a", "model_file_path": ["ckpt/model.ckpt-33.pkl"], "signature": null}