{"created_at": "2025-07-31T06:32:04.288886+00:00", "train_time": 75786, "train_step": 126640, "platform": "tencent_kaiwu", "business": "competition", "user_id": 1, "team_id": 2, "project_code": "back_to_the_realm_v2", "project_version": "24.0.1", "task_id": "uuid", "algorithm": "target_dqn", "model_file_name": "back_to_the_realm_v2-target_dqn-126640-2025_07_31_14_32_04-24.0.1.zip", "model_file_hash": "a5503ff990d05ea2e54667d4096e5babee9977e56ff29c9d776b24c48341a409", "model_file_path": ["ckpt/model.ckpt-126640.pkl"], "signature": null}