{"created_at": "2025-08-03T11:46:35.290754+00:00", "train_time": 9051, "train_step": 14403, "platform": "tencent_kaiwu", "business": "competition", "user_id": 1, "team_id": 2, "project_code": "back_to_the_realm_v2", "project_version": "24.0.1", "task_id": "uuid", "algorithm": "target_dqn", "model_file_name": "back_to_the_realm_v2-target_dqn-14403-2025_08_03_19_46_35-24.0.1.zip", "model_file_hash": "78ec3e8f6a76d25b1b0db569f8819137ccbb5779e0d611bc41ed6b9a445f4100", "model_file_path": ["ckpt/model.ckpt-14403.pkl"], "signature": null}