{"created_at": "2025-08-01T10:11:00.155599+00:00", "train_time": 3625, "train_step": 5734, "platform": "tencent_kaiwu", "business": "competition", "user_id": 1, "team_id": 2, "project_code": "back_to_the_realm_v2", "project_version": "24.0.1", "task_id": "uuid", "algorithm": "target_dqn", "model_file_name": "back_to_the_realm_v2-target_dqn-5734-2025_08_01_18_11_00-24.0.1.zip", "model_file_hash": "ddd809da965c4e02471b6328899202a178a5c1f1e54784ba936afdc00f124ba1", "model_file_path": ["ckpt/model.ckpt-5734.pkl"], "signature": null}