{"created_at": "2025-07-30T14:00:05.548619+00:00", "train_time": 16257, "train_step": 26948, "platform": "tencent_kaiwu", "business": "competition", "user_id": 1, "team_id": 2, "project_code": "back_to_the_realm_v2", "project_version": "24.0.1", "task_id": "uuid", "algorithm": "target_dqn", "model_file_name": "back_to_the_realm_v2-target_dqn-26948-2025_07_30_22_00_05-24.0.1.zip", "model_file_hash": "c68914194252b330e255ccad6c77f551c832dac1181099402bc00a1f74449e92", "model_file_path": ["ckpt/model.ckpt-26948.pkl"], "signature": null}