{"created_at": "2025-08-07T09:18:32.976036+00:00", "train_time": 10944, "train_step": 17186, "platform": "tencent_kaiwu", "business": "competition", "user_id": 1, "team_id": 2, "project_code": "back_to_the_realm_v2", "project_version": "24.0.1", "task_id": "uuid", "algorithm": "target_dqn", "model_file_name": "back_to_the_realm_v2-target_dqn-17186-2025_08_07_17_18_32-24.0.1.zip", "model_file_hash": "a3229c481155fdd7a51f0ab8321c03e40918230bbb1ad06084da93c52bd7c66c", "model_file_path": ["ckpt/model.ckpt-17186.pkl"], "signature": null}