{"created_at": "2025-08-07T05:45:30.898812+00:00", "train_time": 3652, "train_step": 5734, "platform": "tencent_kaiwu", "business": "competition", "user_id": 1, "team_id": 2, "project_code": "back_to_the_realm_v2", "project_version": "24.0.1", "task_id": "uuid", "algorithm": "target_dqn", "model_file_name": "back_to_the_realm_v2-target_dqn-5734-2025_08_07_13_45_30-24.0.1.zip", "model_file_hash": "89e8f9598687966f480678dd7e0ebc3abab0f8eda3ed11c02b2f3784bd4c2fe6", "model_file_path": ["ckpt/model.ckpt-5734.pkl"], "signature": null}