{"created_at": "2025-07-30T09:02:08.677934+00:00", "train_time": 15, "train_step": 0, "platform": "tencent_kaiwu", "business": "competition", "user_id": 1, "team_id": 2, "project_code": "back_to_the_realm_v2", "project_version": "24.0.1", "task_id": "uuid", "algorithm": "target_dqn", "model_file_name": "back_to_the_realm_v2-target_dqn-0-2025_07_30_17_02_08-24.0.1.zip", "model_file_hash": "ea2fbf6673a4e1f6ecd76680fdb4d8c98491216f2f1ce5ed19ab79e9da6b0b30", "model_file_path": ["ckpt/model.ckpt-0.pkl"], "signature": null}