{"created_at": "2025-08-06T07:33:23.680690+00:00", "train_time": 12638, "train_step": 19779, "platform": "tencent_kaiwu", "business": "competition", "user_id": 1, "team_id": 2, "project_code": "back_to_the_realm_v2", "project_version": "24.0.1", "task_id": "uuid", "algorithm": "target_dqn", "model_file_name": "back_to_the_realm_v2-target_dqn-19779-2025_08_06_15_33_23-24.0.1.zip", "model_file_hash": "50791e0c926c2ab2678a2b88cc277e2bf183a5f520b77c6791612b282d0553ee", "model_file_path": ["ckpt/model.ckpt-19779.pkl"], "signature": null}