{"created_at": "2025-08-01T12:11:25.193954+00:00", "train_time": 10850, "train_step": 17215, "platform": "tencent_kaiwu", "business": "competition", "user_id": 1, "team_id": 2, "project_code": "back_to_the_realm_v2", "project_version": "24.0.1", "task_id": "uuid", "algorithm": "target_dqn", "model_file_name": "back_to_the_realm_v2-target_dqn-17215-2025_08_01_20_11_25-24.0.1.zip", "model_file_hash": "8928819409e9f124c79d928bf2c499c91943c221e722b22c6b10ef61b353fc40", "model_file_path": ["ckpt/model.ckpt-17215.pkl"], "signature": null}