{"created_at": "2025-08-08T03:33:31.838854+00:00", "train_time": 5426, "train_step": 8277, "platform": "tencent_kaiwu", "business": "competition", "user_id": 1, "team_id": 2, "project_code": "back_to_the_realm_v2", "project_version": "24.0.1", "task_id": "uuid", "algorithm": "target_dqn", "model_file_name": "back_to_the_realm_v2-target_dqn-8277-2025_08_08_11_33_31-24.0.1.zip", "model_file_hash": "1e5ac13ff9f83300be4ee9981000b1cd7400f3d521e5434a253cd5529a0a0122", "model_file_path": ["ckpt/model.ckpt-8277.pkl"], "signature": null}