{"created_at": "2025-08-05T00:40:03.186534+00:00", "train_time": 27109, "train_step": 43099, "platform": "tencent_kaiwu", "business": "competition", "user_id": 1, "team_id": 2, "project_code": "back_to_the_realm_v2", "project_version": "24.0.1", "task_id": "uuid", "algorithm": "target_dqn", "model_file_name": "back_to_the_realm_v2-target_dqn-43099-2025_08_05_08_40_03-24.0.1.zip", "model_file_hash": "eefe7af7fe26ff20fff6d40a0b200951828946ed56d60cfeba97f49f33ce7503", "model_file_path": ["ckpt/model.ckpt-43099.pkl"], "signature": null}