{"created_at": "2025-08-07T22:36:20.250706+00:00", "train_time": 36222, "train_step": 57848, "platform": "tencent_kaiwu", "business": "competition", "user_id": 1, "team_id": 2, "project_code": "back_to_the_realm_v2", "project_version": "24.0.1", "task_id": "uuid", "algorithm": "target_dqn", "model_file_name": "back_to_the_realm_v2-target_dqn-57848-2025_08_08_06_36_20-24.0.1.zip", "model_file_hash": "7b6f9cf8b295510224b2edc41b5e693b6311cc075d63795aa9b44b49c5a63cc9", "model_file_path": ["ckpt/model.ckpt-57848.pkl"], "signature": null}