{"created_at": "2025-07-30T05:57:19.279765+00:00", "train_time": 46973, "train_step": 78652, "platform": "tencent_kaiwu", "business": "competition", "user_id": 1, "team_id": 2, "project_code": "back_to_the_realm_v2", "project_version": "24.0.1", "task_id": "uuid", "algorithm": "target_dqn", "model_file_name": "back_to_the_realm_v2-target_dqn-78652-2025_07_30_13_57_19-24.0.1.zip", "model_file_hash": "6a5cb296cae8e3034f0cb69dda2c2ffd058d12ef1deecaf55733177168b47adc", "model_file_path": ["ckpt/model.ckpt-78652.pkl"], "signature": null}