{"created_at": "2025-07-30T11:29:39.165156+00:00", "train_time": 7230, "train_step": 11901, "platform": "tencent_kaiwu", "business": "competition", "user_id": 1, "team_id": 2, "project_code": "back_to_the_realm_v2", "project_version": "24.0.1", "task_id": "uuid", "algorithm": "target_dqn", "model_file_name": "back_to_the_realm_v2-target_dqn-11901-2025_07_30_19_29_39-24.0.1.zip", "model_file_hash": "9a52284442e01062fc754b8f962daa8668a10403e55673528a5f9f76ae564c74", "model_file_path": ["ckpt/model.ckpt-11901.pkl"], "signature": null}