{"created_at": "2025-08-03T03:57:28.758357+00:00", "train_time": 50417, "train_step": 80380, "platform": "tencent_kaiwu", "business": "competition", "user_id": 1, "team_id": 2, "project_code": "back_to_the_realm_v2", "project_version": "24.0.1", "task_id": "uuid", "algorithm": "target_dqn", "model_file_name": "back_to_the_realm_v2-target_dqn-80380-2025_08_03_11_57_28-24.0.1.zip", "model_file_hash": "d92051d4c90744654e31215521a0a74aba33ecf8321267089e9c74aad29c43fc", "model_file_path": ["ckpt/model.ckpt-80380.pkl"], "signature": null}