{"created_at": "2025-08-02T17:59:04.345408+00:00", "train_time": 14511, "train_step": 22941, "platform": "tencent_kaiwu", "business": "competition", "user_id": 1, "team_id": 2, "project_code": "back_to_the_realm_v2", "project_version": "24.0.1", "task_id": "uuid", "algorithm": "target_dqn", "model_file_name": "back_to_the_realm_v2-target_dqn-22941-2025_08_03_01_59_04-24.0.1.zip", "model_file_hash": "a3fcb62ecf0852aee3459707dc8598d688b3fb6f5c1a50ed83caf549a909e92f", "model_file_path": ["ckpt/model.ckpt-22941.pkl"], "signature": null}