{"created_at": "2025-07-28T15:46:31.428073+00:00", "train_time": 7245, "train_step": 12101, "platform": "tencent_kaiwu", "business": "competition", "user_id": 1, "team_id": 2, "project_code": "back_to_the_realm_v2", "project_version": "24.0.1", "task_id": "uuid", "algorithm": "target_dqn", "model_file_name": "back_to_the_realm_v2-target_dqn-12101-2025_07_28_23_46_31-24.0.1.zip", "model_file_hash": "e1de265e35dc5fa67d13082e1741cff34000439f8cfe739b08518b3c70b7d567", "model_file_path": ["ckpt/model.ckpt-12101.pkl"], "signature": null}