{"created_at": "2025-08-06T17:52:33.046834+00:00", "train_time": 5437, "train_step": 8624, "platform": "tencent_kaiwu", "business": "competition", "user_id": 1, "team_id": 2, "project_code": "back_to_the_realm_v2", "project_version": "24.0.1", "task_id": "uuid", "algorithm": "target_dqn", "model_file_name": "back_to_the_realm_v2-target_dqn-8624-2025_08_07_01_52_33-24.0.1.zip", "model_file_hash": "df3b92ed76c3dcbf209b3dea6bbcc56e85d982b4a1d1568e42a14e94c9bec425", "model_file_path": ["ckpt/model.ckpt-8624.pkl"], "signature": null}