{"created_at": "2025-08-01T22:27:26.756437+00:00", "train_time": 18063, "train_step": 28710, "platform": "tencent_kaiwu", "business": "competition", "user_id": 1, "team_id": 2, "project_code": "back_to_the_realm_v2", "project_version": "24.0.1", "task_id": "uuid", "algorithm": "target_dqn", "model_file_name": "back_to_the_realm_v2-target_dqn-28710-2025_08_02_06_27_26-24.0.1.zip", "model_file_hash": "4bd7813443f9abbaf19ad80e1fb965cf4ee9d97c36b34ad24b4c88870c5f6a99", "model_file_path": ["ckpt/model.ckpt-28710.pkl"], "signature": null}