{"created_at": "2025-08-08T10:34:51.520992+00:00", "train_time": 30706, "train_step": 47584, "platform": "tencent_kaiwu", "business": "competition", "user_id": 1, "team_id": 2, "project_code": "back_to_the_realm_v2", "project_version": "24.0.1", "task_id": "uuid", "algorithm": "target_dqn", "model_file_name": "back_to_the_realm_v2-target_dqn-47584-2025_08_08_18_34_51-24.0.1.zip", "model_file_hash": "06e37673b37e3f44bdf331f69779360e054068b8dda81f38345f94a32bb681df", "model_file_path": ["ckpt/model.ckpt-47584.pkl"], "signature": null}