{"created_at": "2025-07-30T00:26:18.949019+00:00", "train_time": 27112, "train_step": 45782, "platform": "tencent_kaiwu", "business": "competition", "user_id": 1, "team_id": 2, "project_code": "back_to_the_realm_v2", "project_version": "24.0.1", "task_id": "uuid", "algorithm": "target_dqn", "model_file_name": "back_to_the_realm_v2-target_dqn-45782-2025_07_30_08_26_18-24.0.1.zip", "model_file_hash": "75dea1f33f389a5d9a606014e497343582f44fed9bea760c2aed384bdaead7f8", "model_file_path": ["ckpt/model.ckpt-45782.pkl"], "signature": null}