{"created_at": "2025-08-01T09:40:55.755119+00:00", "train_time": 1820, "train_step": 2874, "platform": "tencent_kaiwu", "business": "competition", "user_id": 1, "team_id": 2, "project_code": "back_to_the_realm_v2", "project_version": "24.0.1", "task_id": "uuid", "algorithm": "target_dqn", "model_file_name": "back_to_the_realm_v2-target_dqn-2874-2025_08_01_17_40_55-24.0.1.zip", "model_file_hash": "3608df02d872d966a9938d022292f6c99d59dcaebf6949e702e0373e3128b474", "model_file_path": ["ckpt/model.ckpt-2874.pkl"], "signature": null}