{"created_at": "2025-08-08T09:04:35.230083+00:00", "train_time": 25290, "train_step": 39187, "platform": "tencent_kaiwu", "business": "competition", "user_id": 1, "team_id": 2, "project_code": "back_to_the_realm_v2", "project_version": "24.0.1", "task_id": "uuid", "algorithm": "target_dqn", "model_file_name": "back_to_the_realm_v2-target_dqn-39187-2025_08_08_17_04_35-24.0.1.zip", "model_file_hash": "2ba00d8da615f8781fa067bd21bb7ca7a02b95e0b9bbd6c988b93480faee5f0d", "model_file_path": ["ckpt/model.ckpt-39187.pkl"], "signature": null}