{"created_at": "2025-08-01T17:56:41.516789+00:00", "train_time": 1817, "train_step": 2867, "platform": "tencent_kaiwu", "business": "competition", "user_id": 1, "team_id": 2, "project_code": "back_to_the_realm_v2", "project_version": "24.0.1", "task_id": "uuid", "algorithm": "target_dqn", "model_file_name": "back_to_the_realm_v2-target_dqn-2867-2025_08_02_01_56_41-24.0.1.zip", "model_file_hash": "0f61c174ef0ebb513c8d04cff2e98bfad5322fa93b80e5c3487f6be7b1c26731", "model_file_path": ["ckpt/model.ckpt-2867.pkl"], "signature": null}