{"created_at": "2025-08-04T14:49:04.216290+00:00", "train_time": 3607, "train_step": 5585, "platform": "tencent_kaiwu", "business": "competition", "user_id": 1, "team_id": 2, "project_code": "back_to_the_realm_v2", "project_version": "24.0.1", "task_id": "uuid", "algorithm": "target_dqn", "model_file_name": "back_to_the_realm_v2-target_dqn-5585-2025_08_04_22_49_04-24.0.1.zip", "model_file_hash": "ac408657dedf7f82595f1398126bac752882a6725d20a5fc9d0e99e77fbe3610", "model_file_path": ["ckpt/model.ckpt-5585.pkl"], "signature": null}