{"created_at": "2025-08-02T23:29:18.975676+00:00", "train_time": 34326, "train_step": 54718, "platform": "tencent_kaiwu", "business": "competition", "user_id": 1, "team_id": 2, "project_code": "back_to_the_realm_v2", "project_version": "24.0.1", "task_id": "uuid", "algorithm": "target_dqn", "model_file_name": "back_to_the_realm_v2-target_dqn-54718-2025_08_03_07_29_18-24.0.1.zip", "model_file_hash": "f23fccc40cb42b3f8c959e38ee861f4096fd500fd3903cd38dd75eb8753537a8", "model_file_path": ["ckpt/model.ckpt-54718.pkl"], "signature": null}