{"created_at": "2025-08-03T08:42:05.739654+00:00", "train_time": 16321, "train_step": 26052, "platform": "tencent_kaiwu", "business": "competition", "user_id": 1, "team_id": 2, "project_code": "back_to_the_realm_v2", "project_version": "24.0.1", "task_id": "uuid", "algorithm": "target_dqn", "model_file_name": "back_to_the_realm_v2-target_dqn-26052-2025_08_03_16_42_05-24.0.1.zip", "model_file_hash": "827015b27c30174cd1865bdd48c6374817e138f619706b1a90c723a12e8c7997", "model_file_path": ["ckpt/model.ckpt-26052.pkl"], "signature": null}