{"created_at": "2025-08-01T11:41:22.831628+00:00", "train_time": 9048, "train_step": 14351, "platform": "tencent_kaiwu", "business": "competition", "user_id": 1, "team_id": 2, "project_code": "back_to_the_realm_v2", "project_version": "24.0.1", "task_id": "uuid", "algorithm": "target_dqn", "model_file_name": "back_to_the_realm_v2-target_dqn-14351-2025_08_01_19_41_22-24.0.1.zip", "model_file_hash": "2f60dbc08eb1cd36c2e8a3357b205642514c94e686fe7690f56871a3884fc624", "model_file_path": ["ckpt/model.ckpt-14351.pkl"], "signature": null}