{"created_at": "2025-08-04T16:49:50.213294+00:00", "train_time": 10853, "train_step": 16998, "platform": "tencent_kaiwu", "business": "competition", "user_id": 1, "team_id": 2, "project_code": "back_to_the_realm_v2", "project_version": "24.0.1", "task_id": "uuid", "algorithm": "target_dqn", "model_file_name": "back_to_the_realm_v2-target_dqn-16998-2025_08_05_00_49_50-24.0.1.zip", "model_file_hash": "ccbb7d997cd919f2e23d780fcda4bcfb527825432fe5905e74648e2ee514f724", "model_file_path": ["ckpt/model.ckpt-16998.pkl"], "signature": null}