{"created_at": "2025-08-08T02:02:23.607424+00:00", "train_time": 48543, "train_step": 77831, "platform": "tencent_kaiwu", "business": "competition", "user_id": 1, "team_id": 2, "project_code": "back_to_the_realm_v2", "project_version": "24.0.1", "task_id": "uuid", "algorithm": "target_dqn", "model_file_name": "back_to_the_realm_v2-target_dqn-77831-2025_08_08_10_02_23-24.0.1.zip", "model_file_hash": "8939558cd509b9fd105dd53c2c472e6f0900e15c28bc4df92b6096687f9552e2", "model_file_path": ["ckpt/model.ckpt-77831.pkl"], "signature": null}