{"created_at": "2025-08-04T17:07:38.990195+00:00", "train_time": 11922, "train_step": 18647, "platform": "tencent_kaiwu", "business": "competition", "user_id": 1, "team_id": 2, "project_code": "back_to_the_realm_v2", "project_version": "24.0.1", "task_id": "uuid", "algorithm": "target_dqn", "model_file_name": "back_to_the_realm_v2-target_dqn-18647-2025_08_05_01_07_38-24.0.1.zip", "model_file_hash": "766c5ef55f1eac9cfc538097da4834102c1030a5c7dd8e75010a7e0e35f902fe", "model_file_path": ["ckpt/model.ckpt-18647.pkl"], "signature": null}