{"created_at": "2025-07-29T07:07:51.924892+00:00", "train_time": 10857, "train_step": 18317, "platform": "tencent_kaiwu", "business": "competition", "user_id": 1, "team_id": 2, "project_code": "back_to_the_realm_v2", "project_version": "24.0.1", "task_id": "uuid", "algorithm": "target_dqn", "model_file_name": "back_to_the_realm_v2-target_dqn-18317-2025_07_29_15_07_51-24.0.1.zip", "model_file_hash": "a0d2994beccc20cf138c7f0e1d0bd01e9dcca940e06f6c1b515cdd2ca45e343c", "model_file_path": ["ckpt/model.ckpt-18317.pkl"], "signature": null}