{"created_at": "2025-07-31T17:06:32.604593+00:00", "train_time": 30668, "train_step": 48338, "platform": "tencent_kaiwu", "business": "competition", "user_id": 1, "team_id": 2, "project_code": "back_to_the_realm_v2", "project_version": "24.0.1", "task_id": "uuid", "algorithm": "target_dqn", "model_file_name": "back_to_the_realm_v2-target_dqn-48338-2025_08_01_01_06_32-24.0.1.zip", "model_file_hash": "408e5a4d42e44eb6b397c9db2dd9fd40f82fee4d64faad572891c038a399e049", "model_file_path": ["ckpt/model.ckpt-48338.pkl"], "signature": null}