{"created_at": "2025-07-30T12:29:52.388393+00:00", "train_time": 10843, "train_step": 17877, "platform": "tencent_kaiwu", "business": "competition", "user_id": 1, "team_id": 2, "project_code": "back_to_the_realm_v2", "project_version": "24.0.1", "task_id": "uuid", "algorithm": "target_dqn", "model_file_name": "back_to_the_realm_v2-target_dqn-17877-2025_07_30_20_29_52-24.0.1.zip", "model_file_hash": "c560f98a81ed7cba4476c02a7f2d49451fc679f0044c409a58a5ddbb4ff448a2", "model_file_path": ["ckpt/model.ckpt-17877.pkl"], "signature": null}