{"created_at": "2025-07-29T06:37:45.027366+00:00", "train_time": 9050, "train_step": 15230, "platform": "tencent_kaiwu", "business": "competition", "user_id": 1, "team_id": 2, "project_code": "back_to_the_realm_v2", "project_version": "24.0.1", "task_id": "uuid", "algorithm": "target_dqn", "model_file_name": "back_to_the_realm_v2-target_dqn-15230-2025_07_29_14_37_45-24.0.1.zip", "model_file_hash": "9958a15f20d87498d625f0d71535c9c8745feab772cf9236612757f3ee09aa09", "model_file_path": ["ckpt/model.ckpt-15230.pkl"], "signature": null}