{"created_at": "2025-08-03T14:35:21.295167+00:00", "train_time": 35, "train_step": 0, "platform": "tencent_kaiwu", "business": "competition", "user_id": 1, "team_id": 2, "project_code": "back_to_the_realm_v2", "project_version": "24.0.1", "task_id": "uuid", "algorithm": "target_dqn", "model_file_name": "back_to_the_realm_v2-target_dqn-0-2025_08_03_22_35_21-24.0.1.zip", "model_file_hash": "5b14d2f67f9cf5904505e8e0c7c861b6c456bd35a6c34e16cd123e00b653a694", "model_file_path": ["ckpt/model.ckpt-0.pkl"], "signature": null}