{"created_at": "2025-07-30T13:29:55.450188+00:00", "train_time": 14446, "train_step": 23915, "platform": "tencent_kaiwu", "business": "competition", "user_id": 1, "team_id": 2, "project_code": "back_to_the_realm_v2", "project_version": "24.0.1", "task_id": "uuid", "algorithm": "target_dqn", "model_file_name": "back_to_the_realm_v2-target_dqn-23915-2025_07_30_21_29_55-24.0.1.zip", "model_file_hash": "dbc81e8f99df8d2fb1bbec9403d77fead182175dd7c1b68706dcf0c07e03a670", "model_file_path": ["ckpt/model.ckpt-23915.pkl"], "signature": null}