{"created_at": "2025-07-29T10:15:24.367753+00:00", "train_time": 7237, "train_step": 12157, "platform": "tencent_kaiwu", "business": "competition", "user_id": 1, "team_id": 2, "project_code": "back_to_the_realm_v2", "project_version": "24.0.1", "task_id": "uuid", "algorithm": "target_dqn", "model_file_name": "back_to_the_realm_v2-target_dqn-12157-2025_07_29_18_15_24-24.0.1.zip", "model_file_hash": "35d5820f244eab592ce6199d929305f25b2d86dbdaf580a1bfb10ec6d53d76f9", "model_file_path": ["ckpt/model.ckpt-12157.pkl"], "signature": null}