{"created_at": "2025-07-31T13:06:24.943228+00:00", "train_time": 16260, "train_step": 25649, "platform": "tencent_kaiwu", "business": "competition", "user_id": 1, "team_id": 2, "project_code": "back_to_the_realm_v2", "project_version": "24.0.1", "task_id": "uuid", "algorithm": "target_dqn", "model_file_name": "back_to_the_realm_v2-target_dqn-25649-2025_07_31_21_06_24-24.0.1.zip", "model_file_hash": "fd524ca38b7e2cd3b245bfbfb0469f7337fdb5403b57d6e41456c4b8ee5b704e", "model_file_path": ["ckpt/model.ckpt-25649.pkl"], "signature": null}