{"created_at": "2025-08-03T09:46:17.913361+00:00", "train_time": 1833, "train_step": 2869, "platform": "tencent_kaiwu", "business": "competition", "user_id": 1, "team_id": 2, "project_code": "back_to_the_realm_v2", "project_version": "24.0.1", "task_id": "uuid", "algorithm": "target_dqn", "model_file_name": "back_to_the_realm_v2-target_dqn-2869-2025_08_03_17_46_17-24.0.1.zip", "model_file_hash": "163a3cd73e76c962dad6e71e7d75312d884d42a0f614def222ec07000d0f8d78", "model_file_path": ["ckpt/model.ckpt-2869.pkl"], "signature": null}