{"created_at": "2025-07-29T21:55:36.662829+00:00", "train_time": 18069, "train_step": 30545, "platform": "tencent_kaiwu", "business": "competition", "user_id": 1, "team_id": 2, "project_code": "back_to_the_realm_v2", "project_version": "24.0.1", "task_id": "uuid", "algorithm": "target_dqn", "model_file_name": "back_to_the_realm_v2-target_dqn-30545-2025_07_30_05_55_36-24.0.1.zip", "model_file_hash": "6e5627d7c1a8bb746a481ef1432ef957589d0da0fc56c3f1528680b759617f08", "model_file_path": ["ckpt/model.ckpt-30545.pkl"], "signature": null}