{"created_at": "2025-08-07T04:45:06.547087+00:00", "train_time": 28, "train_step": 0, "platform": "tencent_kaiwu", "business": "competition", "user_id": 1, "team_id": 2, "project_code": "back_to_the_realm_v2", "project_version": "24.0.1", "task_id": "uuid", "algorithm": "target_dqn", "model_file_name": "back_to_the_realm_v2-target_dqn-0-2025_08_07_12_45_06-24.0.1.zip", "model_file_hash": "3eb045cfd8add05993f8edb7015505b8e6fe0be5bd278771da30a4260fd13a0a", "model_file_path": ["ckpt/model.ckpt-0.pkl"], "signature": null}