{"created_at": "2025-08-04T06:47:36.383336+00:00", "train_time": 3613, "train_step": 5678, "platform": "tencent_kaiwu", "business": "competition", "user_id": 1, "team_id": 2, "project_code": "back_to_the_realm_v2", "project_version": "24.0.1", "task_id": "uuid", "algorithm": "target_dqn", "model_file_name": "back_to_the_realm_v2-target_dqn-5678-2025_08_04_14_47_36-24.0.1.zip", "model_file_hash": "87ce010e10ac4906fb4fbf5c9435ac51c1331ffe879e1fd912236abb76d15523", "model_file_path": ["ckpt/model.ckpt-5678.pkl"], "signature": null}