{"created_at": "2025-07-29T17:54:54.783878+00:00", "train_time": 3626, "train_step": 6109, "platform": "tencent_kaiwu", "business": "competition", "user_id": 1, "team_id": 2, "project_code": "back_to_the_realm_v2", "project_version": "24.0.1", "task_id": "uuid", "algorithm": "target_dqn", "model_file_name": "back_to_the_realm_v2-target_dqn-6109-2025_07_30_01_54_54-24.0.1.zip", "model_file_hash": "06ca79fda8953e07112aad858ba8c4086545f31d379675e90c78f0c0420a10a5", "model_file_path": ["ckpt/model.ckpt-6109.pkl"], "signature": null}