{"created_at": "2025-07-30T01:26:25.148840+00:00", "train_time": 30718, "train_step": 51860, "platform": "tencent_kaiwu", "business": "competition", "user_id": 1, "team_id": 2, "project_code": "back_to_the_realm_v2", "project_version": "24.0.1", "task_id": "uuid", "algorithm": "target_dqn", "model_file_name": "back_to_the_realm_v2-target_dqn-51860-2025_07_30_09_26_25-24.0.1.zip", "model_file_hash": "abf0681c523da8b21280da8d83a10954ba63a534d6b6d3ee6fccdb78ddf494d1", "model_file_path": ["ckpt/model.ckpt-51860.pkl"], "signature": null}