{"created_at": "2025-07-29T12:45:55.183827+00:00", "train_time": 16268, "train_step": 27336, "platform": "tencent_kaiwu", "business": "competition", "user_id": 1, "team_id": 2, "project_code": "back_to_the_realm_v2", "project_version": "24.0.1", "task_id": "uuid", "algorithm": "target_dqn", "model_file_name": "back_to_the_realm_v2-target_dqn-27336-2025_07_29_20_45_55-24.0.1.zip", "model_file_hash": "d7758a6032af895901a7739ff5001dad79d9a2d5ee8155d10cb59201a95c20a7", "model_file_path": ["ckpt/model.ckpt-27336.pkl"], "signature": null}