{"created_at": "2025-08-02T03:27:49.735817+00:00", "train_time": 36087, "train_step": 57269, "platform": "tencent_kaiwu", "business": "competition", "user_id": 1, "team_id": 2, "project_code": "back_to_the_realm_v2", "project_version": "24.0.1", "task_id": "uuid", "algorithm": "target_dqn", "model_file_name": "back_to_the_realm_v2-target_dqn-57269-2025_08_02_11_27_49-24.0.1.zip", "model_file_hash": "2923a9b00bf17b80b1f9375346641efc1154d59ce6e6ed85c21b84ba898dba7f", "model_file_path": ["ckpt/model.ckpt-57269.pkl"], "signature": null}