{"created_at": "2025-07-30T07:14:40.284374+00:00", "train_time": 51614, "train_step": 86354, "platform": "tencent_kaiwu", "business": "competition", "user_id": 1, "team_id": 2, "project_code": "back_to_the_realm_v2", "project_version": "24.0.1", "task_id": "uuid", "algorithm": "target_dqn", "model_file_name": "back_to_the_realm_v2-target_dqn-86354-2025_07_30_15_14_40-24.0.1.zip", "model_file_hash": "fb64e8232cc4d441e83271ef5eeb7840508008b7d31c0665aafdeea74d72b252", "model_file_path": ["ckpt/model.ckpt-86354.pkl"], "signature": null}