{"created_at": "2025-08-01T11:11:14.118722+00:00", "train_time": 7239, "train_step": 11488, "platform": "tencent_kaiwu", "business": "competition", "user_id": 1, "team_id": 2, "project_code": "back_to_the_realm_v2", "project_version": "24.0.1", "task_id": "uuid", "algorithm": "target_dqn", "model_file_name": "back_to_the_realm_v2-target_dqn-11488-2025_08_01_19_11_14-24.0.1.zip", "model_file_hash": "56ec7f8932612e03ec2ad2356d041c522ab66c0e6c4b699270ae9a628b34b813", "model_file_path": ["ckpt/model.ckpt-11488.pkl"], "signature": null}