{"created_at": "2025-08-03T20:37:53.922037+00:00", "train_time": 19350, "train_step": 30490, "platform": "tencent_kaiwu", "business": "competition", "user_id": 1, "team_id": 2, "project_code": "back_to_the_realm_v2", "project_version": "24.0.1", "task_id": "uuid", "algorithm": "target_dqn", "model_file_name": "back_to_the_realm_v2-target_dqn-30490-2025_08_04_04_37_53-24.0.1.zip", "model_file_hash": "bead5b677b68f4dc7b95ad03616dcfd0220f7f69949118bb6ff8af0801c1d96e", "model_file_path": ["ckpt/model.ckpt-30490.pkl"], "signature": null}