{"created_at": "2025-08-03T09:16:00.545476+00:00", "train_time": 15, "train_step": 0, "platform": "tencent_kaiwu", "business": "competition", "user_id": 1, "team_id": 2, "project_code": "back_to_the_realm_v2", "project_version": "24.0.1", "task_id": "uuid", "algorithm": "target_dqn", "model_file_name": "back_to_the_realm_v2-target_dqn-0-2025_08_03_17_16_00-24.0.1.zip", "model_file_hash": "d515e5173f5c2e8cb3d5fd44f189a0e37f6d658ffaba275cc7566880a130fd14", "model_file_path": ["ckpt/model.ckpt-0.pkl"], "signature": null}