{"created_at": "2025-08-04T02:15:51.183249+00:00", "train_time": 33095, "train_step": 35044, "platform": "tencent_kaiwu", "business": "competition", "user_id": 1, "team_id": 2, "project_code": "back_to_the_realm_v2", "project_version": "24.0.1", "task_id": "uuid", "algorithm": "target_dqn", "model_file_name": "back_to_the_realm_v2-target_dqn-35044-2025_08_04_10_15_51-24.0.1.zip", "model_file_hash": "086af657694a555436b6ac9328c76533bdf964fdbbd6a529cf68925bf87cac45", "model_file_path": ["ckpt/model.ckpt-35044.pkl"], "signature": null}