{"created_at": "2025-08-01T08:48:48.312865+00:00", "train_time": 1055, "train_step": 1633, "platform": "tencent_kaiwu", "business": "competition", "user_id": 1, "team_id": 2, "project_code": "back_to_the_realm_v2", "project_version": "24.0.1", "task_id": "uuid", "algorithm": "target_dqn", "model_file_name": "back_to_the_realm_v2-target_dqn-1633-2025_08_01_16_48_48-24.0.1.zip", "model_file_hash": "2710c7b54f8b5ea0a3356bda9a76c1b50f1c7047581d293823d397ddfc7a1b29", "model_file_path": ["ckpt/model.ckpt-1633.pkl"], "signature": null}