{"created_at": "2025-08-06T07:03:22.325351+00:00", "train_time": 10837, "train_step": 16953, "platform": "tencent_kaiwu", "business": "competition", "user_id": 1, "team_id": 2, "project_code": "back_to_the_realm_v2", "project_version": "24.0.1", "task_id": "uuid", "algorithm": "target_dqn", "model_file_name": "back_to_the_realm_v2-target_dqn-16953-2025_08_06_15_03_22-24.0.1.zip", "model_file_hash": "07cb5e1487963b731c7591cb3f40f1d5a85abad3673eec4396243b0c1a0ac9f7", "model_file_path": ["ckpt/model.ckpt-16953.pkl"], "signature": null}