{"created_at": "2025-07-31T01:01:31.434938+00:00", "train_time": 55953, "train_step": 93277, "platform": "tencent_kaiwu", "business": "competition", "user_id": 1, "team_id": 2, "project_code": "back_to_the_realm_v2", "project_version": "24.0.1", "task_id": "uuid", "algorithm": "target_dqn", "model_file_name": "back_to_the_realm_v2-target_dqn-93277-2025_07_31_09_01_31-24.0.1.zip", "model_file_hash": "d2cb26acbe7b97703456b97ac6240b5676c0acef5b3dba1053ecce066fc85fae", "model_file_path": ["ckpt/model.ckpt-93277.pkl"], "signature": null}