{"created_at": "2025-07-29T05:07:22.946890+00:00", "train_time": 3628, "train_step": 6049, "platform": "tencent_kaiwu", "business": "competition", "user_id": 1, "team_id": 2, "project_code": "back_to_the_realm_v2", "project_version": "24.0.1", "task_id": "uuid", "algorithm": "target_dqn", "model_file_name": "back_to_the_realm_v2-target_dqn-6049-2025_07_29_13_07_22-24.0.1.zip", "model_file_hash": "e09876fbeb31f151841b0fa324da28293d008893fbf15801fb06efa7fa38fa51", "model_file_path": ["ckpt/model.ckpt-6049.pkl"], "signature": null}