{"created_at": "2025-07-29T16:46:35.600237+00:00", "train_time": 30709, "train_step": 51546, "platform": "tencent_kaiwu", "business": "competition", "user_id": 1, "team_id": 2, "project_code": "back_to_the_realm_v2", "project_version": "24.0.1", "task_id": "uuid", "algorithm": "target_dqn", "model_file_name": "back_to_the_realm_v2-target_dqn-51546-2025_07_30_00_46_35-24.0.1.zip", "model_file_hash": "bd9c3d8f839276312222acd32ca57ae3d0ae22c8d0a8429758e2c1dc0a5bae93", "model_file_path": ["ckpt/model.ckpt-51546.pkl"], "signature": null}