{"created_at": "2025-07-29T14:46:20.103159+00:00", "train_time": 23493, "train_step": 39530, "platform": "tencent_kaiwu", "business": "competition", "user_id": 1, "team_id": 2, "project_code": "back_to_the_realm_v2", "project_version": "24.0.1", "task_id": "uuid", "algorithm": "target_dqn", "model_file_name": "back_to_the_realm_v2-target_dqn-39530-2025_07_29_22_46_20-24.0.1.zip", "model_file_hash": "3be3910e0a7d96fb37d43a3eb109239e6ab6bff7ac30f3db026eb931ff50d735", "model_file_path": ["ckpt/model.ckpt-39530.pkl"], "signature": null}