{"created_at": "2025-08-06T15:46:56.238463+00:00", "train_time": 42252, "train_step": 65699, "platform": "tencent_kaiwu", "business": "competition", "user_id": 1, "team_id": 2, "project_code": "back_to_the_realm_v2", "project_version": "24.0.1", "task_id": "uuid", "algorithm": "target_dqn", "model_file_name": "back_to_the_realm_v2-target_dqn-65699-2025_08_06_23_46_56-24.0.1.zip", "model_file_hash": "55c529b2b836717516d5599b1c60b1fe92692528d480edd535dcdbad9fdaac4e", "model_file_path": ["ckpt/model.ckpt-65699.pkl"], "signature": null}