{"created_at": "2025-07-31T02:01:38.162620+00:00", "train_time": 59560, "train_step": 99353, "platform": "tencent_kaiwu", "business": "competition", "user_id": 1, "team_id": 2, "project_code": "back_to_the_realm_v2", "project_version": "24.0.1", "task_id": "uuid", "algorithm": "target_dqn", "model_file_name": "back_to_the_realm_v2-target_dqn-99353-2025_07_31_10_01_38-24.0.1.zip", "model_file_hash": "307990d5f004225c505254c834637878eeb8d689abbde89333e4caf1c919a06e", "model_file_path": ["ckpt/model.ckpt-99353.pkl"], "signature": null}