{"created_at": "2025-08-04T10:48:35.508482+00:00", "train_time": 18073, "train_step": 28325, "platform": "tencent_kaiwu", "business": "competition", "user_id": 1, "team_id": 2, "project_code": "back_to_the_realm_v2", "project_version": "24.0.1", "task_id": "uuid", "algorithm": "target_dqn", "model_file_name": "back_to_the_realm_v2-target_dqn-28325-2025_08_04_18_48_35-24.0.1.zip", "model_file_hash": "2858bd152a541fb5a794d56cf1499afb07ccbc34fd59b3ed180347d9683d67e0", "model_file_path": ["ckpt/model.ckpt-28325.pkl"], "signature": null}