{"created_at": "2025-07-29T07:55:13.241857+00:00", "train_time": 14, "train_step": 0, "platform": "tencent_kaiwu", "business": "competition", "user_id": 1, "team_id": 2, "project_code": "back_to_the_realm_v2", "project_version": "24.0.1", "task_id": "uuid", "algorithm": "target_dqn", "model_file_name": "back_to_the_realm_v2-target_dqn-0-2025_07_29_15_55_13-24.0.1.zip", "model_file_hash": "30a82b5f05b24731f9df4e563124b78f82a237e31f1ba7ab26836ccefa303ec5", "model_file_path": ["ckpt/model.ckpt-0.pkl"], "signature": null}