{"created_at": "2025-08-03T22:08:32.408403+00:00", "train_time": 24789, "train_step": 39098, "platform": "tencent_kaiwu", "business": "competition", "user_id": 1, "team_id": 2, "project_code": "back_to_the_realm_v2", "project_version": "24.0.1", "task_id": "uuid", "algorithm": "target_dqn", "model_file_name": "back_to_the_realm_v2-target_dqn-39098-2025_08_04_06_08_32-24.0.1.zip", "model_file_hash": "9ffbf30011ddd001a706397c0f373ee1e774a031165a82031b5bfb96acc0d359", "model_file_path": ["ckpt/model.ckpt-39098.pkl"], "signature": null}