{"created_at": "2025-08-08T14:36:00.005540+00:00", "train_time": 45176, "train_step": 70120, "platform": "tencent_kaiwu", "business": "competition", "user_id": 1, "team_id": 2, "project_code": "back_to_the_realm_v2", "project_version": "24.0.1", "task_id": "uuid", "algorithm": "target_dqn", "model_file_name": "back_to_the_realm_v2-target_dqn-70120-2025_08_08_22_36_00-24.0.1.zip", "model_file_hash": "251ef25e7eaba5e781bcf3d57c70912773d9d1c7ea14bba171b4c9daad235352", "model_file_path": ["ckpt/model.ckpt-70120.pkl"], "signature": null}