{"created_at": "2025-08-08T02:33:23.920482+00:00", "train_time": 1818, "train_step": 2790, "platform": "tencent_kaiwu", "business": "competition", "user_id": 1, "team_id": 2, "project_code": "back_to_the_realm_v2", "project_version": "24.0.1", "task_id": "uuid", "algorithm": "target_dqn", "model_file_name": "back_to_the_realm_v2-target_dqn-2790-2025_08_08_10_33_23-24.0.1.zip", "model_file_hash": "60cae6c4b267aad90e2e6040f3462fd2382a0c6389f43809e82ce62741793c4f", "model_file_path": ["ckpt/model.ckpt-2790.pkl"], "signature": null}