{"created_at": "2025-08-02T22:59:18.096174+00:00", "train_time": 32525, "train_step": 51834, "platform": "tencent_kaiwu", "business": "competition", "user_id": 1, "team_id": 2, "project_code": "back_to_the_realm_v2", "project_version": "24.0.1", "task_id": "uuid", "algorithm": "target_dqn", "model_file_name": "back_to_the_realm_v2-target_dqn-51834-2025_08_03_06_59_18-24.0.1.zip", "model_file_hash": "1ebd279407beabe2112d3f5c9808de612cdefc6ffcac6b7b3400a6005b149e07", "model_file_path": ["ckpt/model.ckpt-51834.pkl"], "signature": null}