{"created_at": "2025-08-07T06:16:50.622930+00:00", "train_time": 33, "train_step": 0, "platform": "tencent_kaiwu", "business": "competition", "user_id": 1, "team_id": 2, "project_code": "back_to_the_realm_v2", "project_version": "24.0.1", "task_id": "uuid", "algorithm": "target_dqn", "model_file_name": "back_to_the_realm_v2-target_dqn-0-2025_08_07_14_16_50-24.0.1.zip", "model_file_hash": "29cf1256b85d13b54a49e31f3dc959c386f0fc18023e2cdcc723d63492801753", "model_file_path": ["ckpt/model.ckpt-0.pkl"], "signature": null}