{"created_at": "2025-08-04T18:39:00.380234+00:00", "train_time": 5445, "train_step": 8602, "platform": "tencent_kaiwu", "business": "competition", "user_id": 1, "team_id": 2, "project_code": "back_to_the_realm_v2", "project_version": "24.0.1", "task_id": "uuid", "algorithm": "target_dqn", "model_file_name": "back_to_the_realm_v2-target_dqn-8602-2025_08_05_02_39_00-24.0.1.zip", "model_file_hash": "60158b1f42688c197b7b239694b7ddf4e84e71a74832556d8725731a6449f85a", "model_file_path": ["ckpt/model.ckpt-8602.pkl"], "signature": null}