{"created_at": "2025-08-04T12:53:35.327010+00:00", "train_time": 25573, "train_step": 39882, "platform": "tencent_kaiwu", "business": "competition", "user_id": 1, "team_id": 2, "project_code": "back_to_the_realm_v2", "project_version": "24.0.1", "task_id": "uuid", "algorithm": "target_dqn", "model_file_name": "back_to_the_realm_v2-target_dqn-39882-2025_08_04_20_53_35-24.0.1.zip", "model_file_hash": "7aff5674852f21811e6608a248cc347a41384363da72211cf33404d4f5b9a06c", "model_file_path": ["ckpt/model.ckpt-39882.pkl"], "signature": null}