{"created_at": "2025-07-30T10:59:29.763187+00:00", "train_time": 5420, "train_step": 8880, "platform": "tencent_kaiwu", "business": "competition", "user_id": 1, "team_id": 2, "project_code": "back_to_the_realm_v2", "project_version": "24.0.1", "task_id": "uuid", "algorithm": "target_dqn", "model_file_name": "back_to_the_realm_v2-target_dqn-8880-2025_07_30_18_59_29-24.0.1.zip", "model_file_hash": "e6f97b390f5fd1e7f73a07229df53fab092fff1a02d87d65c5c61d368c3a1d1e", "model_file_path": ["ckpt/model.ckpt-8880.pkl"], "signature": null}