{"created_at": "2025-08-06T15:04:10.345201+00:00", "train_time": 39686, "train_step": 61693, "platform": "tencent_kaiwu", "business": "competition", "user_id": 1, "team_id": 2, "project_code": "back_to_the_realm_v2", "project_version": "24.0.1", "task_id": "uuid", "algorithm": "target_dqn", "model_file_name": "back_to_the_realm_v2-target_dqn-61693-2025_08_06_23_04_10-24.0.1.zip", "model_file_hash": "0a9e21dba7067a0b7ca8164f99c3cadf2cff943971566773346450cfb7ef28f7", "model_file_path": ["ckpt/model.ckpt-61693.pkl"], "signature": null}