{"created_at": "2025-07-29T06:07:34.695509+00:00", "train_time": 7240, "train_step": 12130, "platform": "tencent_kaiwu", "business": "competition", "user_id": 1, "team_id": 2, "project_code": "back_to_the_realm_v2", "project_version": "24.0.1", "task_id": "uuid", "algorithm": "target_dqn", "model_file_name": "back_to_the_realm_v2-target_dqn-12130-2025_07_29_14_07_34-24.0.1.zip", "model_file_hash": "a9475d4711a058926dc54c6d5b89a3ae942d9f57fe92488cd9ea40e3ec642ac6", "model_file_path": ["ckpt/model.ckpt-12130.pkl"], "signature": null}