{"created_at": "2025-08-08T08:34:30.123346+00:00", "train_time": 23485, "train_step": 36362, "platform": "tencent_kaiwu", "business": "competition", "user_id": 1, "team_id": 2, "project_code": "back_to_the_realm_v2", "project_version": "24.0.1", "task_id": "uuid", "algorithm": "target_dqn", "model_file_name": "back_to_the_realm_v2-target_dqn-36362-2025_08_08_16_34_30-24.0.1.zip", "model_file_hash": "2f2c67237d1e39e593598c987538bf152d951b8e8054d9ac7ecfa05164d689e8", "model_file_path": ["ckpt/model.ckpt-36362.pkl"], "signature": null}