{"created_at": "2025-07-31T03:09:49.035959+00:00", "train_time": 37759, "train_step": 54725, "platform": "tencent_kaiwu", "business": "competition", "user_id": 1, "team_id": 2, "project_code": "back_to_the_realm_v2", "project_version": "24.0.1", "task_id": "uuid", "algorithm": "target_dqn", "model_file_name": "back_to_the_realm_v2-target_dqn-54725-2025_07_31_11_09_49-24.0.1.zip", "model_file_hash": "829bdfd868500af7f6610bfbcca47176b9f7915ae765faa94fcd1290f7b90de5", "model_file_path": ["ckpt/model.ckpt-54725.pkl"], "signature": null}