{"created_at": "2025-07-30T21:30:55.194495+00:00", "train_time": 43316, "train_step": 72031, "platform": "tencent_kaiwu", "business": "competition", "user_id": 1, "team_id": 2, "project_code": "back_to_the_realm_v2", "project_version": "24.0.1", "task_id": "uuid", "algorithm": "target_dqn", "model_file_name": "back_to_the_realm_v2-target_dqn-72031-2025_07_31_05_30_55-24.0.1.zip", "model_file_hash": "25969dabc4e71c9c0859e57a52c5f867d4b9d5c93d76873f7895afa6cc8635e4", "model_file_path": ["ckpt/model.ckpt-72031.pkl"], "signature": null}