{"created_at": "2025-08-05T16:46:38.903143+00:00", "train_time": 47824, "train_step": 74691, "platform": "tencent_kaiwu", "business": "competition", "user_id": 1, "team_id": 2, "project_code": "back_to_the_realm_v2", "project_version": "24.0.1", "task_id": "uuid", "algorithm": "target_dqn", "model_file_name": "back_to_the_realm_v2-target_dqn-74691-2025_08_06_00_46_38-24.0.1.zip", "model_file_hash": "199c7ce74b0c5e355e809fa8ead7e8c80855bee6035903c26a8fa32eb0de0eb1", "model_file_path": ["ckpt/model.ckpt-74691.pkl"], "signature": null}