{"created_at": "2025-08-05T19:53:58.709254+00:00", "train_time": 10870, "train_step": 17151, "platform": "tencent_kaiwu", "business": "competition", "user_id": 1, "team_id": 2, "project_code": "back_to_the_realm_v2", "project_version": "24.0.1", "task_id": "uuid", "algorithm": "target_dqn", "model_file_name": "back_to_the_realm_v2-target_dqn-17151-2025_08_06_03_53_58-24.0.1.zip", "model_file_hash": "e94eb5117cdd741c8b5d6fe3634d4e7d990ba88195e49e6d82fa652c5abcbcff", "model_file_path": ["ckpt/model.ckpt-17151.pkl"], "signature": null}