{"created_at": "2025-08-05T10:01:13.926888+00:00", "train_time": 23490, "train_step": 36736, "platform": "tencent_kaiwu", "business": "competition", "user_id": 1, "team_id": 2, "project_code": "back_to_the_realm_v2", "project_version": "24.0.1", "task_id": "uuid", "algorithm": "target_dqn", "model_file_name": "back_to_the_realm_v2-target_dqn-36736-2025_08_05_18_01_13-24.0.1.zip", "model_file_hash": "5ef69db7c9c9d6b10a49a883dab97e8cbb63207c5fe6d8b5dc2e43650e224a0c", "model_file_path": ["ckpt/model.ckpt-36736.pkl"], "signature": null}