{"created_at": "2025-07-28T03:00:27.951169+00:00", "train_time": 3628, "train_step": 6059, "platform": "tencent_kaiwu", "business": "competition", "user_id": 1, "team_id": 2, "project_code": "back_to_the_realm_v2", "project_version": "24.0.1", "task_id": "uuid", "algorithm": "dqn", "model_file_name": "back_to_the_realm_v2-dqn-6059-2025_07_28_11_00_27-24.0.1.zip", "model_file_hash": "d1b34827c30c4ce5311f0225d7f9947f57828392c6a7c68cf2be03a890776283", "model_file_path": ["ckpt/model.ckpt-6059.pkl"], "signature": null}