{"created_at": "2025-08-03T05:40:43.192414+00:00", "train_time": 5438, "train_step": 8588, "platform": "tencent_kaiwu", "business": "competition", "user_id": 1, "team_id": 2, "project_code": "back_to_the_realm_v2", "project_version": "24.0.1", "task_id": "uuid", "algorithm": "target_dqn", "model_file_name": "back_to_the_realm_v2-target_dqn-8588-2025_08_03_13_40_43-24.0.1.zip", "model_file_hash": "b75278d7d49acf13f6c5329cc7f1cd4e492c94cdeaf4578c6f5b31be01ea3426", "model_file_path": ["ckpt/model.ckpt-8588.pkl"], "signature": null}