{"created_at": "2025-07-28T11:49:15.013039+00:00", "train_time": 12648, "train_step": 20912, "platform": "tencent_kaiwu", "business": "competition", "user_id": 1, "team_id": 2, "project_code": "back_to_the_realm_v2", "project_version": "24.0.1", "task_id": "uuid", "algorithm": "dqn", "model_file_name": "back_to_the_realm_v2-dqn-20912-2025_07_28_19_49_15-24.0.1.zip", "model_file_hash": "76e79946c64dc03d0307532950d9d1848e4c1f72683c21ac51ed5580bbe864e4", "model_file_path": ["ckpt/model.ckpt-20912.pkl"], "signature": null}