{"created_at": "2025-07-29T18:54:58.254051+00:00", "train_time": 7230, "train_step": 12221, "platform": "tencent_kaiwu", "business": "competition", "user_id": 1, "team_id": 2, "project_code": "back_to_the_realm_v2", "project_version": "24.0.1", "task_id": "uuid", "algorithm": "target_dqn", "model_file_name": "back_to_the_realm_v2-target_dqn-12221-2025_07_30_02_54_58-24.0.1.zip", "model_file_hash": "7f9b985254be0c0efc28ea7850f6f017501f0c03bc1e4909e1af9a8df7e355af", "model_file_path": ["ckpt/model.ckpt-12221.pkl"], "signature": null}