{"created_at": "2025-08-02T18:29:06.898761+00:00", "train_time": 16314, "train_step": 25841, "platform": "tencent_kaiwu", "business": "competition", "user_id": 1, "team_id": 2, "project_code": "back_to_the_realm_v2", "project_version": "24.0.1", "task_id": "uuid", "algorithm": "target_dqn", "model_file_name": "back_to_the_realm_v2-target_dqn-25841-2025_08_03_02_29_06-24.0.1.zip", "model_file_hash": "63038c19731ab5d062de5ab16e2cc0d1afb7a37914611fe14916f6c5cff23d15", "model_file_path": ["ckpt/model.ckpt-25841.pkl"], "signature": null}