{"created_at": "2025-08-04T19:39:18.521009+00:00", "train_time": 9063, "train_step": 14381, "platform": "tencent_kaiwu", "business": "competition", "user_id": 1, "team_id": 2, "project_code": "back_to_the_realm_v2", "project_version": "24.0.1", "task_id": "uuid", "algorithm": "target_dqn", "model_file_name": "back_to_the_realm_v2-target_dqn-14381-2025_08_05_03_39_18-24.0.1.zip", "model_file_hash": "d8c2bda197b1fc63aedf2d1bd2bf8aa3056a0235e74e98144c736b9b106364e7", "model_file_path": ["ckpt/model.ckpt-14381.pkl"], "signature": null}