{"created_at": "2025-08-03T21:38:25.753782+00:00", "train_time": 22982, "train_step": 36240, "platform": "tencent_kaiwu", "business": "competition", "user_id": 1, "team_id": 2, "project_code": "back_to_the_realm_v2", "project_version": "24.0.1", "task_id": "uuid", "algorithm": "target_dqn", "model_file_name": "back_to_the_realm_v2-target_dqn-36240-2025_08_04_05_38_25-24.0.1.zip", "model_file_hash": "79a49baaf18a376318d74a59f44b45e6ca01dc4832c71941a4d8f911881c4877", "model_file_path": ["ckpt/model.ckpt-36240.pkl"], "signature": null}