{"created_at": "2025-08-03T04:40:22.246198+00:00", "train_time": 1817, "train_step": 2831, "platform": "tencent_kaiwu", "business": "competition", "user_id": 1, "team_id": 2, "project_code": "back_to_the_realm_v2", "project_version": "24.0.1", "task_id": "uuid", "algorithm": "target_dqn", "model_file_name": "back_to_the_realm_v2-target_dqn-2831-2025_08_03_12_40_22-24.0.1.zip", "model_file_hash": "5827e3cd2a9a9b178b2223e017e08d38e05d48acfb19b1ebf311035072f33121", "model_file_path": ["ckpt/model.ckpt-2831.pkl"], "signature": null}