{"created_at": "2025-08-03T15:01:11.888620+00:00", "train_time": 1585, "train_step": 2430, "platform": "tencent_kaiwu", "business": "competition", "user_id": 1, "team_id": 2, "project_code": "back_to_the_realm_v2", "project_version": "24.0.1", "task_id": "uuid", "algorithm": "target_dqn", "model_file_name": "back_to_the_realm_v2-target_dqn-2430-2025_08_03_23_01_11-24.0.1.zip", "model_file_hash": "afa46ec9324718b6daee11a9d6c39343781ec0352e8c392f672637bf680d0dc6", "model_file_path": ["ckpt/model.ckpt-2430.pkl"], "signature": null}