{"created_at": "2025-07-30T17:30:31.473242+00:00", "train_time": 28892, "train_step": 47729, "platform": "tencent_kaiwu", "business": "competition", "user_id": 1, "team_id": 2, "project_code": "back_to_the_realm_v2", "project_version": "24.0.1", "task_id": "uuid", "algorithm": "target_dqn", "model_file_name": "back_to_the_realm_v2-target_dqn-47729-2025_07_31_01_30_31-24.0.1.zip", "model_file_hash": "b82009339cd60f5399e6555b7d1cf2918f59c0e64e660d0fd50a0df082d7dcb8", "model_file_path": ["ckpt/model.ckpt-47729.pkl"], "signature": null}