{"created_at": "2025-07-25T07:22:57.218994+00:00", "train_time": 10668, "train_step": 18061, "platform": "tencent_kaiwu", "business": "competition", "user_id": 1, "team_id": 2, "project_code": "back_to_the_realm_v2", "project_version": "24.0.1", "task_id": "uuid", "algorithm": "target_dqn", "model_file_name": "back_to_the_realm_v2-target_dqn-18061-2025_07_25_15_22_57-24.0.1.zip", "model_file_hash": "cc4ab567cc1c085bcd50f40ae6a6454c1dc2e87dfa48ef4e36decd06d0966183", "model_file_path": ["ckpt/model.ckpt-18061.pkl"], "signature": null}