{"created_at": "2025-08-06T12:03:55.808003+00:00", "train_time": 28871, "train_step": 44953, "platform": "tencent_kaiwu", "business": "competition", "user_id": 1, "team_id": 2, "project_code": "back_to_the_realm_v2", "project_version": "24.0.1", "task_id": "uuid", "algorithm": "target_dqn", "model_file_name": "back_to_the_realm_v2-target_dqn-44953-2025_08_06_20_03_55-24.0.1.zip", "model_file_hash": "7d89c9900835b22c4ab8bcd92bd19dd1af00e8ce5319684fadb7e9c94ee8c132", "model_file_path": ["ckpt/model.ckpt-44953.pkl"], "signature": null}