{"created_at": "2025-07-30T10:29:27.488361+00:00", "train_time": 3618, "train_step": 5979, "platform": "tencent_kaiwu", "business": "competition", "user_id": 1, "team_id": 2, "project_code": "back_to_the_realm_v2", "project_version": "24.0.1", "task_id": "uuid", "algorithm": "target_dqn", "model_file_name": "back_to_the_realm_v2-target_dqn-5979-2025_07_30_18_29_27-24.0.1.zip", "model_file_hash": "287354be349dfeeb0a7642809b7e05035f8eddeb01b4466a8bc8761aadf41b60", "model_file_path": ["ckpt/model.ckpt-5979.pkl"], "signature": null}