{"created_at": "2025-07-30T04:57:13.034950+00:00", "train_time": 43366, "train_step": 72656, "platform": "tencent_kaiwu", "business": "competition", "user_id": 1, "team_id": 2, "project_code": "back_to_the_realm_v2", "project_version": "24.0.1", "task_id": "uuid", "algorithm": "target_dqn", "model_file_name": "back_to_the_realm_v2-target_dqn-72656-2025_07_30_12_57_13-24.0.1.zip", "model_file_hash": "5d1b893dd7ed98c86672f7c83a73977797a22b7301b60ec740afee706160a342", "model_file_path": ["ckpt/model.ckpt-72656.pkl"], "signature": null}