{"created_at": "2025-08-03T16:05:35.369338+00:00", "train_time": 3125, "train_step": 4877, "platform": "tencent_kaiwu", "business": "competition", "user_id": 1, "team_id": 2, "project_code": "back_to_the_realm_v2", "project_version": "24.0.1", "task_id": "uuid", "algorithm": "target_dqn", "model_file_name": "back_to_the_realm_v2-target_dqn-4877-2025_08_04_00_05_35-24.0.1.zip", "model_file_hash": "3ad57cb10c516c59a27467acbd22f46722bf589b765df5b44a80f939d66c4d55", "model_file_path": ["ckpt/model.ckpt-4877.pkl"], "signature": null}