{"created_at": "2025-08-04T02:46:38.314424+00:00", "train_time": 34941, "train_step": 37019, "platform": "tencent_kaiwu", "business": "competition", "user_id": 1, "team_id": 2, "project_code": "back_to_the_realm_v2", "project_version": "24.0.1", "task_id": "uuid", "algorithm": "target_dqn", "model_file_name": "back_to_the_realm_v2-target_dqn-37019-2025_08_04_10_46_38-24.0.1.zip", "model_file_hash": "10e54ea0fa031ad09691e1c9bb730848db14d17e707c4390b44659bcf973ddcb", "model_file_path": ["ckpt/model.ckpt-37019.pkl"], "signature": null}