{"created_at": "2025-08-01T17:25:19.884268+00:00", "train_time": 29686, "train_step": 46960, "platform": "tencent_kaiwu", "business": "competition", "user_id": 1, "team_id": 2, "project_code": "back_to_the_realm_v2", "project_version": "24.0.1", "task_id": "uuid", "algorithm": "target_dqn", "model_file_name": "back_to_the_realm_v2-target_dqn-46960-2025_08_02_01_25_19-24.0.1.zip", "model_file_hash": "96324e17a09a29fc439f117d08ce7c474c4f09a2ce2eecbf074532065d572185", "model_file_path": ["ckpt/model.ckpt-46960.pkl"], "signature": null}