{"created_at": "2025-08-08T10:04:39.992526+00:00", "train_time": 28895, "train_step": 44760, "platform": "tencent_kaiwu", "business": "competition", "user_id": 1, "team_id": 2, "project_code": "back_to_the_realm_v2", "project_version": "24.0.1", "task_id": "uuid", "algorithm": "target_dqn", "model_file_name": "back_to_the_realm_v2-target_dqn-44760-2025_08_08_18_04_39-24.0.1.zip", "model_file_hash": "41505097dc1a622fa775d1d14e9b6845912795e6806503962bc965df52bb995d", "model_file_path": ["ckpt/model.ckpt-44760.pkl"], "signature": null}