{"created_at": "2025-07-29T09:45:12.619686+00:00", "train_time": 5425, "train_step": 9105, "platform": "tencent_kaiwu", "business": "competition", "user_id": 1, "team_id": 2, "project_code": "back_to_the_realm_v2", "project_version": "24.0.1", "task_id": "uuid", "algorithm": "target_dqn", "model_file_name": "back_to_the_realm_v2-target_dqn-9105-2025_07_29_17_45_12-24.0.1.zip", "model_file_hash": "08994fa4724950df32f449ab8f2e28d486f4f7100b4db28784de2efa086606a1", "model_file_path": ["ckpt/model.ckpt-9105.pkl"], "signature": null}