{"created_at": "2025-08-08T14:05:55.095165+00:00", "train_time": 43371, "train_step": 67316, "platform": "tencent_kaiwu", "business": "competition", "user_id": 1, "team_id": 2, "project_code": "back_to_the_realm_v2", "project_version": "24.0.1", "task_id": "uuid", "algorithm": "target_dqn", "model_file_name": "back_to_the_realm_v2-target_dqn-67316-2025_08_08_22_05_55-24.0.1.zip", "model_file_hash": "6e9156e1d2701c68785f82123f3b49505310fe4d80f612dbf7b23dac2de9c87a", "model_file_path": ["ckpt/model.ckpt-67316.pkl"], "signature": null}