{"created_at": "2025-07-29T07:36:39.180201+00:00", "train_time": 12584, "train_step": 21240, "platform": "tencent_kaiwu", "business": "competition", "user_id": 1, "team_id": 2, "project_code": "back_to_the_realm_v2", "project_version": "24.0.1", "task_id": "uuid", "algorithm": "target_dqn", "model_file_name": "back_to_the_realm_v2-target_dqn-21240-2025_07_29_15_36_39-24.0.1.zip", "model_file_hash": "3d49a88154df9bec31b8150afa9b2f7d8f5f4785a0500d2fb37446f3a80bd3d9", "model_file_path": ["ckpt/model.ckpt-21240.pkl"], "signature": null}