{"created_at": "2025-07-29T22:25:37.792529+00:00", "train_time": 19870, "train_step": 33585, "platform": "tencent_kaiwu", "business": "competition", "user_id": 1, "team_id": 2, "project_code": "back_to_the_realm_v2", "project_version": "24.0.1", "task_id": "uuid", "algorithm": "target_dqn", "model_file_name": "back_to_the_realm_v2-target_dqn-33585-2025_07_30_06_25_37-24.0.1.zip", "model_file_hash": "85b1624f58d7c67ae87ed9d2f746ca87d427edafedbf5decee2bf1e6af78bc43", "model_file_path": ["ckpt/model.ckpt-33585.pkl"], "signature": null}