{"created_at": "2025-07-31T15:06:29.152551+00:00", "train_time": 23464, "train_step": 37047, "platform": "tencent_kaiwu", "business": "competition", "user_id": 1, "team_id": 2, "project_code": "back_to_the_realm_v2", "project_version": "24.0.1", "task_id": "uuid", "algorithm": "target_dqn", "model_file_name": "back_to_the_realm_v2-target_dqn-37047-2025_07_31_23_06_29-24.0.1.zip", "model_file_hash": "975068da03596d5c29a14576695e464b018fab6eb41f3d84dd263c171ca645d7", "model_file_path": ["ckpt/model.ckpt-37047.pkl"], "signature": null}