{"created_at": "2025-07-29T04:37:12.434030+00:00", "train_time": 1817, "train_step": 2995, "platform": "tencent_kaiwu", "business": "competition", "user_id": 1, "team_id": 2, "project_code": "back_to_the_realm_v2", "project_version": "24.0.1", "task_id": "uuid", "algorithm": "target_dqn", "model_file_name": "back_to_the_realm_v2-target_dqn-2995-2025_07_29_12_37_12-24.0.1.zip", "model_file_hash": "a2b47d50b49ba105def7440a0c707a36eca10b1d6f3ba0e43feb3573e23344fa", "model_file_path": ["ckpt/model.ckpt-2995.pkl"], "signature": null}