{"created_at": "2025-08-03T18:06:04.566890+00:00", "train_time": 10240, "train_step": 16063, "platform": "tencent_kaiwu", "business": "competition", "user_id": 1, "team_id": 2, "project_code": "back_to_the_realm_v2", "project_version": "24.0.1", "task_id": "uuid", "algorithm": "target_dqn", "model_file_name": "back_to_the_realm_v2-target_dqn-16063-2025_08_04_02_06_04-24.0.1.zip", "model_file_hash": "ea4a7c91edfcf8c3ef63efd7381a577a542a0f94d354e3eb6f5b64bf3654550c", "model_file_path": ["ckpt/model.ckpt-16063.pkl"], "signature": null}