{"created_at": "2025-07-31T09:35:49.748282+00:00", "train_time": 3624, "train_step": 5667, "platform": "tencent_kaiwu", "business": "competition", "user_id": 1, "team_id": 2, "project_code": "back_to_the_realm_v2", "project_version": "24.0.1", "task_id": "uuid", "algorithm": "target_dqn", "model_file_name": "back_to_the_realm_v2-target_dqn-5667-2025_07_31_17_35_49-24.0.1.zip", "model_file_hash": "9b5630a49e365de9b296f8c9a13ef7a41487951ca5b32c3cc1e67c7407bbf7a4", "model_file_path": ["ckpt/model.ckpt-5667.pkl"], "signature": null}