{"created_at": "2025-08-04T11:49:04.137200+00:00", "train_time": 21702, "train_step": 33987, "platform": "tencent_kaiwu", "business": "competition", "user_id": 1, "team_id": 2, "project_code": "back_to_the_realm_v2", "project_version": "24.0.1", "task_id": "uuid", "algorithm": "target_dqn", "model_file_name": "back_to_the_realm_v2-target_dqn-33987-2025_08_04_19_49_04-24.0.1.zip", "model_file_hash": "854bfe87c7ad15158d4a88cf2f6161c0ec4c7be64c074759fe000bdcdacad2d3", "model_file_path": ["ckpt/model.ckpt-33987.pkl"], "signature": null}