{"created_at": "2025-08-02T18:59:07.188509+00:00", "train_time": 18114, "train_step": 28733, "platform": "tencent_kaiwu", "business": "competition", "user_id": 1, "team_id": 2, "project_code": "back_to_the_realm_v2", "project_version": "24.0.1", "task_id": "uuid", "algorithm": "target_dqn", "model_file_name": "back_to_the_realm_v2-target_dqn-28733-2025_08_03_02_59_07-24.0.1.zip", "model_file_hash": "86b59cc2e19c4ba4eeda75a44c7a4682b4755e80ca54a922042c6b1cc90618b4", "model_file_path": ["ckpt/model.ckpt-28733.pkl"], "signature": null}