{"created_at": "2025-08-06T06:03:16.300395+00:00", "train_time": 7231, "train_step": 11302, "platform": "tencent_kaiwu", "business": "competition", "user_id": 1, "team_id": 2, "project_code": "back_to_the_realm_v2", "project_version": "24.0.1", "task_id": "uuid", "algorithm": "target_dqn", "model_file_name": "back_to_the_realm_v2-target_dqn-11302-2025_08_06_14_03_16-24.0.1.zip", "model_file_hash": "6237d1829bb00cbee5aa08f42169f17df4fc1f5cfe50e6fe43cb7026ade1043d", "model_file_path": ["ckpt/model.ckpt-11302.pkl"], "signature": null}