{"created_at": "2025-08-03T04:10:10.648678+00:00", "train_time": 5, "train_step": 0, "platform": "tencent_kaiwu", "business": "competition", "user_id": 1, "team_id": 2, "project_code": "back_to_the_realm_v2", "project_version": "24.0.1", "task_id": "uuid", "algorithm": "target_dqn", "model_file_name": "back_to_the_realm_v2-target_dqn-0-2025_08_03_12_10_10-24.0.1.zip", "model_file_hash": "c811e41ef313a27820bf841fe3417ac401c7270f8ad026cb527816c5b0fb445f", "model_file_path": ["ckpt/model.ckpt-0.pkl"], "signature": null}