{"created_at": "2025-08-04T05:47:33.494430+00:00", "train_time": 10, "train_step": 0, "platform": "tencent_kaiwu", "business": "competition", "user_id": 1, "team_id": 2, "project_code": "back_to_the_realm_v2", "project_version": "24.0.1", "task_id": "uuid", "algorithm": "target_dqn", "model_file_name": "back_to_the_realm_v2-target_dqn-0-2025_08_04_13_47_33-24.0.1.zip", "model_file_hash": "d472b0cd3cb64bf1c368e3772a62756e7ccf48041c93ac8937d4d7510fe41f22", "model_file_path": ["ckpt/model.ckpt-0.pkl"], "signature": null}