{"created_at": "2025-07-29T08:15:03.397524+00:00", "train_time": 16, "train_step": 0, "platform": "tencent_kaiwu", "business": "competition", "user_id": 1, "team_id": 2, "project_code": "back_to_the_realm_v2", "project_version": "24.0.1", "task_id": "uuid", "algorithm": "target_dqn", "model_file_name": "back_to_the_realm_v2-target_dqn-0-2025_07_29_16_15_03-24.0.1.zip", "model_file_hash": "69028a71d7c550e79adc0a3779122639338359334352621c6e0674099e3afa0e", "model_file_path": ["ckpt/model.ckpt-0.pkl"], "signature": null}