{"created_at": "2025-08-05T06:30:58.864675+00:00", "train_time": 10874, "train_step": 17132, "platform": "tencent_kaiwu", "business": "competition", "user_id": 1, "team_id": 2, "project_code": "back_to_the_realm_v2", "project_version": "24.0.1", "task_id": "uuid", "algorithm": "target_dqn", "model_file_name": "back_to_the_realm_v2-target_dqn-17132-2025_08_05_14_30_58-24.0.1.zip", "model_file_hash": "d2a7ab47496538a2ba84832d77dd53de143fe6b044a2601357d9249739db48ab", "model_file_path": ["ckpt/model.ckpt-17132.pkl"], "signature": null}