{"created_at": "2025-08-06T15:16:50.006879+00:00", "train_time": 32584, "train_step": 41762, "platform": "tencent_kaiwu", "business": "competition", "user_id": 1, "team_id": 2, "project_code": "back_to_the_realm_v2", "project_version": "24.0.1", "task_id": "uuid", "algorithm": "target_dqn", "model_file_name": "back_to_the_realm_v2-target_dqn-41762-2025_08_06_23_16_50-24.0.1.zip", "model_file_hash": "d29db54a155d17372905b9a6367e2adbf4a945e062fe719311333e6fc052f1d8", "model_file_path": ["ckpt/model.ckpt-41762.pkl"], "signature": null}