{"created_at": "2025-07-30T22:31:10.596523+00:00", "train_time": 46932, "train_step": 78134, "platform": "tencent_kaiwu", "business": "competition", "user_id": 1, "team_id": 2, "project_code": "back_to_the_realm_v2", "project_version": "24.0.1", "task_id": "uuid", "algorithm": "target_dqn", "model_file_name": "back_to_the_realm_v2-target_dqn-78134-2025_07_31_06_31_10-24.0.1.zip", "model_file_hash": "071d1f2945c2394b61e79f4b50b874dbe32a3cc2d52af5126cd0e0e223e5c2c4", "model_file_path": ["ckpt/model.ckpt-78134.pkl"], "signature": null}