{"created_at": "2025-08-03T03:29:30.011143+00:00", "train_time": 48738, "train_step": 77803, "platform": "tencent_kaiwu", "business": "competition", "user_id": 1, "team_id": 2, "project_code": "back_to_the_realm_v2", "project_version": "24.0.1", "task_id": "uuid", "algorithm": "target_dqn", "model_file_name": "back_to_the_realm_v2-target_dqn-77803-2025_08_03_11_29_30-24.0.1.zip", "model_file_hash": "02a6f67d6c512d00bfdb1368abcb272461844ec22e28d912bd2eb5a8dc8636cf", "model_file_path": ["ckpt/model.ckpt-77803.pkl"], "signature": null}