{"created_at": "2025-07-25T03:08:35.643086+00:00", "train_time": 18, "train_step": 0, "platform": "tencent_kaiwu", "business": "competition", "user_id": 1, "team_id": 2, "project_code": "back_to_the_realm_v2", "project_version": "24.0.1", "task_id": "uuid", "algorithm": "target_dqn", "model_file_name": "back_to_the_realm_v2-target_dqn-0-2025_07_25_11_08_35-24.0.1.zip", "model_file_hash": "93d61102cfe0500aaa61e03babf74ba0a1c3a534ff78a4774441834d2c3ef24d", "model_file_path": ["ckpt/model.ckpt-0.pkl"], "signature": null}