{"created_at": "2025-08-04T03:17:06.055435+00:00", "train_time": 36766, "train_step": 38995, "platform": "tencent_kaiwu", "business": "competition", "user_id": 1, "team_id": 2, "project_code": "back_to_the_realm_v2", "project_version": "24.0.1", "task_id": "uuid", "algorithm": "target_dqn", "model_file_name": "back_to_the_realm_v2-target_dqn-38995-2025_08_04_11_17_06-24.0.1.zip", "model_file_hash": "353c3c720600e942744c65cc625fb455af2b56ba8f67fea0072aa210b8238257", "model_file_path": ["ckpt/model.ckpt-38995.pkl"], "signature": null}