{"created_at": "2025-07-30T17:00:23.066035+00:00", "train_time": 27083, "train_step": 44809, "platform": "tencent_kaiwu", "business": "competition", "user_id": 1, "team_id": 2, "project_code": "back_to_the_realm_v2", "project_version": "24.0.1", "task_id": "uuid", "algorithm": "target_dqn", "model_file_name": "back_to_the_realm_v2-target_dqn-44809-2025_07_31_01_00_23-24.0.1.zip", "model_file_hash": "f7e62d5aaf952936e18174a0f3df8406d7ed517c61e2ffd3e235ef99e3629d28", "model_file_path": ["ckpt/model.ckpt-44809.pkl"], "signature": null}