{"created_at": "2025-07-31T12:06:09.677892+00:00", "train_time": 12644, "train_step": 19928, "platform": "tencent_kaiwu", "business": "competition", "user_id": 1, "team_id": 2, "project_code": "back_to_the_realm_v2", "project_version": "24.0.1", "task_id": "uuid", "algorithm": "target_dqn", "model_file_name": "back_to_the_realm_v2-target_dqn-19928-2025_07_31_20_06_09-24.0.1.zip", "model_file_hash": "bdb7ea413a56261b4b10904c1bcdf0810f9cade51c3cc80320e30ddad40d0048", "model_file_path": ["ckpt/model.ckpt-19928.pkl"], "signature": null}