{"created_at": "2025-08-04T04:06:00.360447+00:00", "train_time": 9, "train_step": 0, "platform": "tencent_kaiwu", "business": "competition", "user_id": 1, "team_id": 2, "project_code": "back_to_the_realm_v2", "project_version": "24.0.1", "task_id": "uuid", "algorithm": "target_dqn", "model_file_name": "back_to_the_realm_v2-target_dqn-0-2025_08_04_12_06_00-24.0.1.zip", "model_file_hash": "438b36a76bf618bb52ae2e2cc2c3dff56187542790b363ba448cd66436afea4e", "model_file_path": ["ckpt/model.ckpt-0.pkl"], "signature": null}