{"created_at": "2025-07-28T08:18:40.952935+00:00", "train_time": 13, "train_step": 0, "platform": "tencent_kaiwu", "business": "competition", "user_id": 1, "team_id": 2, "project_code": "back_to_the_realm_v2", "project_version": "24.0.1", "task_id": "uuid", "algorithm": "dqn", "model_file_name": "back_to_the_realm_v2-dqn-0-2025_07_28_16_18_40-24.0.1.zip", "model_file_hash": "164385c0c8fa7fa7946f903e74ec617006ad7971de227a29adee4d91402d7feb", "model_file_path": ["ckpt/model.ckpt-0.pkl"], "signature": null}