{"created_at": "2025-07-30T20:30:52.831955+00:00", "train_time": 39713, "train_step": 65965, "platform": "tencent_kaiwu", "business": "competition", "user_id": 1, "team_id": 2, "project_code": "back_to_the_realm_v2", "project_version": "24.0.1", "task_id": "uuid", "algorithm": "target_dqn", "model_file_name": "back_to_the_realm_v2-target_dqn-65965-2025_07_31_04_30_52-24.0.1.zip", "model_file_hash": "3b67930440f67911c13d2f8b68ede1885a4a0f6856c25383b4ccb884397dc88a", "model_file_path": ["ckpt/model.ckpt-65965.pkl"], "signature": null}