{"created_at": "2025-08-01T09:10:51.904953+00:00", "train_time": 17, "train_step": 0, "platform": "tencent_kaiwu", "business": "competition", "user_id": 1, "team_id": 2, "project_code": "back_to_the_realm_v2", "project_version": "24.0.1", "task_id": "uuid", "algorithm": "target_dqn", "model_file_name": "back_to_the_realm_v2-target_dqn-0-2025_08_01_17_10_51-24.0.1.zip", "model_file_hash": "31e46000798a29f2ef6da375b57c47951cd4e4da783f512ad2391d66c8f571be", "model_file_path": ["ckpt/model.ckpt-0.pkl"], "signature": null}