{"created_at": "2025-08-06T20:52:56.992826+00:00", "train_time": 16262, "train_step": 26271, "platform": "tencent_kaiwu", "business": "competition", "user_id": 1, "team_id": 2, "project_code": "back_to_the_realm_v2", "project_version": "24.0.1", "task_id": "uuid", "algorithm": "target_dqn", "model_file_name": "back_to_the_realm_v2-target_dqn-26271-2025_08_07_04_52_56-24.0.1.zip", "model_file_hash": "970b01622f55f4399f279b204f17a1b156b285a424710fd849e43e4084f0eb82", "model_file_path": ["ckpt/model.ckpt-26271.pkl"], "signature": null}