{"created_at": "2025-08-05T22:24:34.908471+00:00", "train_time": 19906, "train_step": 31351, "platform": "tencent_kaiwu", "business": "competition", "user_id": 1, "team_id": 2, "project_code": "back_to_the_realm_v2", "project_version": "24.0.1", "task_id": "uuid", "algorithm": "target_dqn", "model_file_name": "back_to_the_realm_v2-target_dqn-31351-2025_08_06_06_24_34-24.0.1.zip", "model_file_hash": "19a25857b910af11f696ad87c3004c6cdee6b32ac8995fc0c86af8e3d563f070", "model_file_path": ["ckpt/model.ckpt-31351.pkl"], "signature": null}