{"created_at": "2025-08-05T02:10:04.917160+00:00", "train_time": 32511, "train_step": 51701, "platform": "tencent_kaiwu", "business": "competition", "user_id": 1, "team_id": 2, "project_code": "back_to_the_realm_v2", "project_version": "24.0.1", "task_id": "uuid", "algorithm": "target_dqn", "model_file_name": "back_to_the_realm_v2-target_dqn-51701-2025_08_05_10_10_04-24.0.1.zip", "model_file_hash": "3baea4ef7d5a885372633d8e921308098a55a1c789f04fb2039ffbb5afad4642", "model_file_path": ["ckpt/model.ckpt-51701.pkl"], "signature": null}