{"created_at": "2025-07-29T13:15:57.800729+00:00", "train_time": 18071, "train_step": 30369, "platform": "tencent_kaiwu", "business": "competition", "user_id": 1, "team_id": 2, "project_code": "back_to_the_realm_v2", "project_version": "24.0.1", "task_id": "uuid", "algorithm": "target_dqn", "model_file_name": "back_to_the_realm_v2-target_dqn-30369-2025_07_29_21_15_57-24.0.1.zip", "model_file_hash": "cc74b8636432fffb6b1dd42c75c695cfbbb68002e84bdd791b7dfdb1c3f279b4", "model_file_path": ["ckpt/model.ckpt-30369.pkl"], "signature": null}