{"created_at": "2025-08-03T10:46:32.600539+00:00", "train_time": 5448, "train_step": 8653, "platform": "tencent_kaiwu", "business": "competition", "user_id": 1, "team_id": 2, "project_code": "back_to_the_realm_v2", "project_version": "24.0.1", "task_id": "uuid", "algorithm": "target_dqn", "model_file_name": "back_to_the_realm_v2-target_dqn-8653-2025_08_03_18_46_32-24.0.1.zip", "model_file_hash": "e60989dc7292c1fd33d2bc3b8caa519603848d9dd32707df4ce17e334f8b5751", "model_file_path": ["ckpt/model.ckpt-8653.pkl"], "signature": null}