{"created_at": "2025-07-29T23:56:08.177546+00:00", "train_time": 25301, "train_step": 42732, "platform": "tencent_kaiwu", "business": "competition", "user_id": 1, "team_id": 2, "project_code": "back_to_the_realm_v2", "project_version": "24.0.1", "task_id": "uuid", "algorithm": "target_dqn", "model_file_name": "back_to_the_realm_v2-target_dqn-42732-2025_07_30_07_56_08-24.0.1.zip", "model_file_hash": "df85422b41132774e53c8dd9e273f9db729f3f4eea9e0120db853ba90a402356", "model_file_path": ["ckpt/model.ckpt-42732.pkl"], "signature": null}