{"created_at": "2025-07-29T20:55:20.158184+00:00", "train_time": 14452, "train_step": 24440, "platform": "tencent_kaiwu", "business": "competition", "user_id": 1, "team_id": 2, "project_code": "back_to_the_realm_v2", "project_version": "24.0.1", "task_id": "uuid", "algorithm": "target_dqn", "model_file_name": "back_to_the_realm_v2-target_dqn-24440-2025_07_30_04_55_20-24.0.1.zip", "model_file_hash": "61ec554c82677d5d206d9cc27ca3fbeb12adc52652492c14f6ddb06ab870099b", "model_file_path": ["ckpt/model.ckpt-24440.pkl"], "signature": null}