{"created_at": "2025-08-08T02:03:12.493171+00:00", "train_time": 6, "train_step": 0, "platform": "tencent_kaiwu", "business": "competition", "user_id": 1, "team_id": 2, "project_code": "back_to_the_realm_v2", "project_version": "24.0.1", "task_id": "uuid", "algorithm": "target_dqn", "model_file_name": "back_to_the_realm_v2-target_dqn-0-2025_08_08_10_03_12-24.0.1.zip", "model_file_hash": "639bcb2bf8a9164388d26475533df29b146ab44f0cd0d6482479b5131efd8085", "model_file_path": ["ckpt/model.ckpt-0.pkl"], "signature": null}