{"created_at": "2025-07-28T12:49:38.429414+00:00", "train_time": 16271, "train_step": 26944, "platform": "tencent_kaiwu", "business": "competition", "user_id": 1, "team_id": 2, "project_code": "back_to_the_realm_v2", "project_version": "24.0.1", "task_id": "uuid", "algorithm": "dqn", "model_file_name": "back_to_the_realm_v2-dqn-26944-2025_07_28_20_49_38-24.0.1.zip", "model_file_hash": "a3225e7222e6e93cabb5da95075922412bc440b22bc5c87b58b151dddf02c5dc", "model_file_path": ["ckpt/model.ckpt-26944.pkl"], "signature": null}