{"created_at": "2025-08-04T13:05:31.375314+00:00", "train_time": 269, "train_step": 365, "platform": "tencent_kaiwu", "business": "competition", "user_id": 1, "team_id": 2, "project_code": "back_to_the_realm_v2", "project_version": "24.0.1", "task_id": "uuid", "algorithm": "target_dqn", "model_file_name": "back_to_the_realm_v2-target_dqn-365-2025_08_04_21_05_31-24.0.1.zip", "model_file_hash": "530712e0f1bcd23300124d5ae0338784fa685d194826df51449492bfc61fe291", "model_file_path": ["ckpt/model.ckpt-365.pkl"], "signature": null}