{"created_at": "2025-07-29T04:07:11.946260+00:00", "train_time": 17, "train_step": 0, "platform": "tencent_kaiwu", "business": "competition", "user_id": 1, "team_id": 2, "project_code": "back_to_the_realm_v2", "project_version": "24.0.1", "task_id": "uuid", "algorithm": "target_dqn", "model_file_name": "back_to_the_realm_v2-target_dqn-0-2025_07_29_12_07_11-24.0.1.zip", "model_file_hash": "4be7fbf8ef0fe49892adb6dd4ae4631bacd7d33b95d0f983523031f70df1e402", "model_file_path": ["ckpt/model.ckpt-0.pkl"], "signature": null}