{"created_at": "2025-07-28T11:19:14.328723+00:00", "train_time": 10847, "train_step": 17919, "platform": "tencent_kaiwu", "business": "competition", "user_id": 1, "team_id": 2, "project_code": "back_to_the_realm_v2", "project_version": "24.0.1", "task_id": "uuid", "algorithm": "dqn", "model_file_name": "back_to_the_realm_v2-dqn-17919-2025_07_28_19_19_14-24.0.1.zip", "model_file_hash": "c36a3635a9c45e352ccf2aa1e69774f5f06647110ed8e94ec0f320af1c06b672", "model_file_path": ["ckpt/model.ckpt-17919.pkl"], "signature": null}