{"created_at": "2025-07-28T02:00:18.263841+00:00", "train_time": 11, "train_step": 0, "platform": "tencent_kaiwu", "business": "competition", "user_id": 1, "team_id": 2, "project_code": "back_to_the_realm_v2", "project_version": "24.0.1", "task_id": "uuid", "algorithm": "dqn", "model_file_name": "back_to_the_realm_v2-dqn-0-2025_07_28_10_00_18-24.0.1.zip", "model_file_hash": "e6a4d265b1360d3b2e332ff43ce733cae4116686eca5b9414484ead380a60873", "model_file_path": ["ckpt/model.ckpt-0.pkl"], "signature": null}