{"created_at": "2025-08-01T21:27:23.243087+00:00", "train_time": 14460, "train_step": 22983, "platform": "tencent_kaiwu", "business": "competition", "user_id": 1, "team_id": 2, "project_code": "back_to_the_realm_v2", "project_version": "24.0.1", "task_id": "uuid", "algorithm": "target_dqn", "model_file_name": "back_to_the_realm_v2-target_dqn-22983-2025_08_02_05_27_23-24.0.1.zip", "model_file_hash": "cc4717e2673cb6f2b20f5576b39e685a39825d35dfcc5f6516479d6202cb08b3", "model_file_path": ["ckpt/model.ckpt-22983.pkl"], "signature": null}