{"created_at": "2025-08-07T10:19:46.766137+00:00", "train_time": 3633, "train_step": 5673, "platform": "tencent_kaiwu", "business": "competition", "user_id": 1, "team_id": 2, "project_code": "back_to_the_realm_v2", "project_version": "24.0.1", "task_id": "uuid", "algorithm": "target_dqn", "model_file_name": "back_to_the_realm_v2-target_dqn-5673-2025_08_07_18_19_46-24.0.1.zip", "model_file_hash": "dcae0999d4102d6a3ceb1e8834ceaa469958800810e16b9aadc5c71021539bbf", "model_file_path": ["ckpt/model.ckpt-5673.pkl"], "signature": null}