{"created_at": "2025-07-28T16:16:32.870029+00:00", "train_time": 9047, "train_step": 14955, "platform": "tencent_kaiwu", "business": "competition", "user_id": 1, "team_id": 2, "project_code": "back_to_the_realm_v2", "project_version": "24.0.1", "task_id": "uuid", "algorithm": "target_dqn", "model_file_name": "back_to_the_realm_v2-target_dqn-14955-2025_07_29_00_16_32-24.0.1.zip", "model_file_hash": "0fe6256556146ea45e9436a26889a64cb8dac88a85b766ef250db0f01bd6c562", "model_file_path": ["ckpt/model.ckpt-14955.pkl"], "signature": null}