{"created_at": "2025-07-31T11:06:07.678857+00:00", "train_time": 9042, "train_step": 14209, "platform": "tencent_kaiwu", "business": "competition", "user_id": 1, "team_id": 2, "project_code": "back_to_the_realm_v2", "project_version": "24.0.1", "task_id": "uuid", "algorithm": "target_dqn", "model_file_name": "back_to_the_realm_v2-target_dqn-14209-2025_07_31_19_06_07-24.0.1.zip", "model_file_hash": "38e36481836a97f848d3ffea89b8901be08b24041823539a370ba6acade0f987", "model_file_path": ["ckpt/model.ckpt-14209.pkl"], "signature": null}