{"created_at": "2025-07-31T12:36:15.136660+00:00", "train_time": 14450, "train_step": 22790, "platform": "tencent_kaiwu", "business": "competition", "user_id": 1, "team_id": 2, "project_code": "back_to_the_realm_v2", "project_version": "24.0.1", "task_id": "uuid", "algorithm": "target_dqn", "model_file_name": "back_to_the_realm_v2-target_dqn-22790-2025_07_31_20_36_15-24.0.1.zip", "model_file_hash": "4e383d9a75208012d2204b8a347253323c6368141f6ab7df45c4d9beafeeda10", "model_file_path": ["ckpt/model.ckpt-22790.pkl"], "signature": null}