{"created_at": "2025-08-03T15:35:20.947027+00:00", "train_time": 1842, "train_step": 2842, "platform": "tencent_kaiwu", "business": "competition", "user_id": 1, "team_id": 2, "project_code": "back_to_the_realm_v2", "project_version": "24.0.1", "task_id": "uuid", "algorithm": "target_dqn", "model_file_name": "back_to_the_realm_v2-target_dqn-2842-2025_08_03_23_35_20-24.0.1.zip", "model_file_hash": "cd96f296386c2af0794802eba989bf3a911bd630e473e1439aaf2ce3947445f4", "model_file_path": ["ckpt/model.ckpt-2842.pkl"], "signature": null}