{"created_at": "2025-07-30T02:56:52.702639+00:00", "train_time": 36146, "train_step": 60831, "platform": "tencent_kaiwu", "business": "competition", "user_id": 1, "team_id": 2, "project_code": "back_to_the_realm_v2", "project_version": "24.0.1", "task_id": "uuid", "algorithm": "target_dqn", "model_file_name": "back_to_the_realm_v2-target_dqn-60831-2025_07_30_10_56_52-24.0.1.zip", "model_file_hash": "92e80078202013b65b03ff55fb083c0b37be25f33a080145a64d84d2e826d3ba", "model_file_path": ["ckpt/model.ckpt-60831.pkl"], "signature": null}