{"created_at": "2025-08-05T16:52:52.223218+00:00", "train_time": 3, "train_step": 0, "platform": "tencent_kaiwu", "business": "competition", "user_id": 1, "team_id": 2, "project_code": "back_to_the_realm_v2", "project_version": "24.0.1", "task_id": "uuid", "algorithm": "target_dqn", "model_file_name": "back_to_the_realm_v2-target_dqn-0-2025_08_06_00_52_52-24.0.1.zip", "model_file_hash": "8bd0d41d65588e57272e93450ecee8ed14961bc12578fbec6df8284f683d4a19", "model_file_path": ["ckpt/model.ckpt-0.pkl"], "signature": null}