{"created_at": "2025-08-03T17:35:53.191533+00:00", "train_time": 8429, "train_step": 13183, "platform": "tencent_kaiwu", "business": "competition", "user_id": 1, "team_id": 2, "project_code": "back_to_the_realm_v2", "project_version": "24.0.1", "task_id": "uuid", "algorithm": "target_dqn", "model_file_name": "back_to_the_realm_v2-target_dqn-13183-2025_08_04_01_35_53-24.0.1.zip", "model_file_hash": "53b5cbc942e5c191365f776fb331b2b3946a4935da9bb3f54c6dbf87a908c093", "model_file_path": ["ckpt/model.ckpt-13183.pkl"], "signature": null}