{"created_at": "2025-07-30T00:56:19.417163+00:00", "train_time": 28912, "train_step": 48809, "platform": "tencent_kaiwu", "business": "competition", "user_id": 1, "team_id": 2, "project_code": "back_to_the_realm_v2", "project_version": "24.0.1", "task_id": "uuid", "algorithm": "target_dqn", "model_file_name": "back_to_the_realm_v2-target_dqn-48809-2025_07_30_08_56_19-24.0.1.zip", "model_file_hash": "0264669c2db4a866a99ccb3edb7e9af5aace506870e9e0bd994ca0cd3b6e9613", "model_file_path": ["ckpt/model.ckpt-48809.pkl"], "signature": null}