{"created_at": "2025-07-27T16:56:11.759115+00:00", "train_time": 7, "train_step": 0, "platform": "tencent_kaiwu", "business": "competition", "user_id": 1, "team_id": 2, "project_code": "back_to_the_realm_v2", "project_version": "24.0.1", "task_id": "uuid", "algorithm": "dqn", "model_file_name": "back_to_the_realm_v2-dqn-0-2025_07_28_00_56_11-24.0.1.zip", "model_file_hash": "cd815c82e43ffc959e3239cc7c7a0a766fbaa8a6b3d2cb62ce18584cb688e881", "model_file_path": ["ckpt/model.ckpt-0.pkl"], "signature": null}