{"created_at": "2025-08-07T08:16:56.747141+00:00", "train_time": 7240, "train_step": 11422, "platform": "tencent_kaiwu", "business": "competition", "user_id": 1, "team_id": 2, "project_code": "back_to_the_realm_v2", "project_version": "24.0.1", "task_id": "uuid", "algorithm": "target_dqn", "model_file_name": "back_to_the_realm_v2-target_dqn-11422-2025_08_07_16_16_56-24.0.1.zip", "model_file_hash": "459aea4b3453e042ed2687212ae4788040d55f1227239bcafb213dfbad488fb4", "model_file_path": ["ckpt/model.ckpt-11422.pkl"], "signature": null}