{"created_at": "2025-08-07T17:03:40.298070+00:00", "train_time": 16261, "train_step": 25332, "platform": "tencent_kaiwu", "business": "competition", "user_id": 1, "team_id": 2, "project_code": "back_to_the_realm_v2", "project_version": "24.0.1", "task_id": "uuid", "algorithm": "target_dqn", "model_file_name": "back_to_the_realm_v2-target_dqn-25332-2025_08_08_01_03_40-24.0.1.zip", "model_file_hash": "52ff47b894ba743b44f5f0685f8f32e091f312fac56a5c247d2f85c0d33112ea", "model_file_path": ["ckpt/model.ckpt-25332.pkl"], "signature": null}