{"created_at": "2025-08-02T21:59:15.191004+00:00", "train_time": 28922, "train_step": 46058, "platform": "tencent_kaiwu", "business": "competition", "user_id": 1, "team_id": 2, "project_code": "back_to_the_realm_v2", "project_version": "24.0.1", "task_id": "uuid", "algorithm": "target_dqn", "model_file_name": "back_to_the_realm_v2-target_dqn-46058-2025_08_03_05_59_15-24.0.1.zip", "model_file_hash": "fdfeb93585b9aa40942405b7dc6a96bfb5b13e3be10aba4426b74a1b1748ca5b", "model_file_path": ["ckpt/model.ckpt-46058.pkl"], "signature": null}