{"created_at": "2025-08-02T23:59:21.239034+00:00", "train_time": 36129, "train_step": 57612, "platform": "tencent_kaiwu", "business": "competition", "user_id": 1, "team_id": 2, "project_code": "back_to_the_realm_v2", "project_version": "24.0.1", "task_id": "uuid", "algorithm": "target_dqn", "model_file_name": "back_to_the_realm_v2-target_dqn-57612-2025_08_03_07_59_21-24.0.1.zip", "model_file_hash": "e53f641dcb4e9679bc54a443e8ad9d9089fd07e91975729c38339a42c563e4b5", "model_file_path": ["ckpt/model.ckpt-57612.pkl"], "signature": null}