{"created_at": "2025-08-05T15:01:25.344807+00:00", "train_time": 41511, "train_step": 64847, "platform": "tencent_kaiwu", "business": "competition", "user_id": 1, "team_id": 2, "project_code": "back_to_the_realm_v2", "project_version": "24.0.1", "task_id": "uuid", "algorithm": "target_dqn", "model_file_name": "back_to_the_realm_v2-target_dqn-64847-2025_08_05_23_01_25-24.0.1.zip", "model_file_hash": "f1ccdca9ae87aaa3b413ec23fea8531cc84be25de0028a2a5a6b62933237d135", "model_file_path": ["ckpt/model.ckpt-64847.pkl"], "signature": null}