{"created_at": "2025-08-01T12:41:27.081538+00:00", "train_time": 12652, "train_step": 20070, "platform": "tencent_kaiwu", "business": "competition", "user_id": 1, "team_id": 2, "project_code": "back_to_the_realm_v2", "project_version": "24.0.1", "task_id": "uuid", "algorithm": "target_dqn", "model_file_name": "back_to_the_realm_v2-target_dqn-20070-2025_08_01_20_41_27-24.0.1.zip", "model_file_hash": "ec91e8990a81b2a4bc86bfff8248ced1249cce29cfd71e17bba74a259198f147", "model_file_path": ["ckpt/model.ckpt-20070.pkl"], "signature": null}