{"created_at": "2025-08-01T10:41:13.159980+00:00", "train_time": 5438, "train_step": 8617, "platform": "tencent_kaiwu", "business": "competition", "user_id": 1, "team_id": 2, "project_code": "back_to_the_realm_v2", "project_version": "24.0.1", "task_id": "uuid", "algorithm": "target_dqn", "model_file_name": "back_to_the_realm_v2-target_dqn-8617-2025_08_01_18_41_13-24.0.1.zip", "model_file_hash": "8450355509b3ec0200de985dccb68fec41e50059ee26a8516b77d9fab7e03584", "model_file_path": ["ckpt/model.ckpt-8617.pkl"], "signature": null}