{"created_at": "2025-08-01T19:27:12.341218+00:00", "train_time": 7248, "train_step": 11517, "platform": "tencent_kaiwu", "business": "competition", "user_id": 1, "team_id": 2, "project_code": "back_to_the_realm_v2", "project_version": "24.0.1", "task_id": "uuid", "algorithm": "target_dqn", "model_file_name": "back_to_the_realm_v2-target_dqn-11517-2025_08_02_03_27_12-24.0.1.zip", "model_file_hash": "727b5243133e2a866e1c46c122a97d7c38d5c0d2cc755e3d64924ca6eef9e4fc", "model_file_path": ["ckpt/model.ckpt-11517.pkl"], "signature": null}