{"created_at": "2025-07-29T19:55:05.386319+00:00", "train_time": 10837, "train_step": 18334, "platform": "tencent_kaiwu", "business": "competition", "user_id": 1, "team_id": 2, "project_code": "back_to_the_realm_v2", "project_version": "24.0.1", "task_id": "uuid", "algorithm": "target_dqn", "model_file_name": "back_to_the_realm_v2-target_dqn-18334-2025_07_30_03_55_05-24.0.1.zip", "model_file_hash": "f5e1a5b6126eca003e9af86977904a44ced102be273126c3f8e656490f8f070d", "model_file_path": ["ckpt/model.ckpt-18334.pkl"], "signature": null}