{"created_at": "2025-07-31T06:02:04.215419+00:00", "train_time": 73986, "train_step": 123591, "platform": "tencent_kaiwu", "business": "competition", "user_id": 1, "team_id": 2, "project_code": "back_to_the_realm_v2", "project_version": "24.0.1", "task_id": "uuid", "algorithm": "target_dqn", "model_file_name": "back_to_the_realm_v2-target_dqn-123591-2025_07_31_14_02_04-24.0.1.zip", "model_file_hash": "4e771696120a88b7bda63e1c2509fc8b3e2e658c74616a6450738bf6eac1f5fd", "model_file_path": ["ckpt/model.ckpt-123591.pkl"], "signature": null}