{"created_at": "2025-08-07T18:03:51.184903+00:00", "train_time": 19872, "train_step": 31207, "platform": "tencent_kaiwu", "business": "competition", "user_id": 1, "team_id": 2, "project_code": "back_to_the_realm_v2", "project_version": "24.0.1", "task_id": "uuid", "algorithm": "target_dqn", "model_file_name": "back_to_the_realm_v2-target_dqn-31207-2025_08_08_02_03_51-24.0.1.zip", "model_file_hash": "81ad798cc1b6a9932acca5f219bab215ec339d2bf8085ac4095d0dbcb55cbc0b", "model_file_path": ["ckpt/model.ckpt-31207.pkl"], "signature": null}