{"created_at": "2025-07-29T13:45:58.080017+00:00", "train_time": 19871, "train_step": 33419, "platform": "tencent_kaiwu", "business": "competition", "user_id": 1, "team_id": 2, "project_code": "back_to_the_realm_v2", "project_version": "24.0.1", "task_id": "uuid", "algorithm": "target_dqn", "model_file_name": "back_to_the_realm_v2-target_dqn-33419-2025_07_29_21_45_58-24.0.1.zip", "model_file_hash": "1b0096e159ffb57b0ae621a590fd5e17c4fa2b66e00563ab9e54bb29658f1d11", "model_file_path": ["ckpt/model.ckpt-33419.pkl"], "signature": null}