{"created_at": "2025-07-30T16:30:21.185450+00:00", "train_time": 25281, "train_step": 41880, "platform": "tencent_kaiwu", "business": "competition", "user_id": 1, "team_id": 2, "project_code": "back_to_the_realm_v2", "project_version": "24.0.1", "task_id": "uuid", "algorithm": "target_dqn", "model_file_name": "back_to_the_realm_v2-target_dqn-41880-2025_07_31_00_30_21-24.0.1.zip", "model_file_hash": "77e5a3feadc2f49c1390d86754e27bdfb2028d06b2dce0a5e5b83a4f326d7aed", "model_file_path": ["ckpt/model.ckpt-41880.pkl"], "signature": null}