{"created_at": "2025-07-28T09:49:01.142094+00:00", "train_time": 5434, "train_step": 8891, "platform": "tencent_kaiwu", "business": "competition", "user_id": 1, "team_id": 2, "project_code": "back_to_the_realm_v2", "project_version": "24.0.1", "task_id": "uuid", "algorithm": "dqn", "model_file_name": "back_to_the_realm_v2-dqn-8891-2025_07_28_17_49_01-24.0.1.zip", "model_file_hash": "85101229ee721de6c4255e251844e8975a124157d597aefebd13ded124d4ad76", "model_file_path": ["ckpt/model.ckpt-8891.pkl"], "signature": null}