{"created_at": "2025-08-03T18:36:33.351721+00:00", "train_time": 12069, "train_step": 18959, "platform": "tencent_kaiwu", "business": "competition", "user_id": 1, "team_id": 2, "project_code": "back_to_the_realm_v2", "project_version": "24.0.1", "task_id": "uuid", "algorithm": "target_dqn", "model_file_name": "back_to_the_realm_v2-target_dqn-18959-2025_08_04_02_36_33-24.0.1.zip", "model_file_hash": "066d535977248cbc6fadc67fe67c8f25079eb6833f4a03e436ea9b6cc9f17ec1", "model_file_path": ["ckpt/model.ckpt-18959.pkl"], "signature": null}