{"created_at": "2025-07-29T07:49:01.315420+00:00", "train_time": 412, "train_step": 656, "platform": "tencent_kaiwu", "business": "competition", "user_id": 1, "team_id": 2, "project_code": "back_to_the_realm_v2", "project_version": "24.0.1", "task_id": "uuid", "algorithm": "target_dqn", "model_file_name": "back_to_the_realm_v2-target_dqn-656-2025_07_29_15_49_01-24.0.1.zip", "model_file_hash": "9bfaa60d8ae34a5b7a96dad44bf33097be030e5dc6418a7e891bedc8e0a3a336", "model_file_path": ["ckpt/model.ckpt-656.pkl"], "signature": null}