{"created_at": "2025-08-02T20:59:10.278908+00:00", "train_time": 25317, "train_step": 40284, "platform": "tencent_kaiwu", "business": "competition", "user_id": 1, "team_id": 2, "project_code": "back_to_the_realm_v2", "project_version": "24.0.1", "task_id": "uuid", "algorithm": "target_dqn", "model_file_name": "back_to_the_realm_v2-target_dqn-40284-2025_08_03_04_59_10-24.0.1.zip", "model_file_hash": "f3012bba862583e8ff269703b3d22bac6057ad106b2084d9a67eefde29a2645e", "model_file_path": ["ckpt/model.ckpt-40284.pkl"], "signature": null}