{"created_at": "2025-07-31T04:31:52.979341+00:00", "train_time": 68575, "train_step": 114494, "platform": "tencent_kaiwu", "business": "competition", "user_id": 1, "team_id": 2, "project_code": "back_to_the_realm_v2", "project_version": "24.0.1", "task_id": "uuid", "algorithm": "target_dqn", "model_file_name": "back_to_the_realm_v2-target_dqn-114494-2025_07_31_12_31_52-24.0.1.zip", "model_file_hash": "df9e3123a47883eeecdb6262bd9d16e666239d4f13be0e1b05940ad9be3c0835", "model_file_path": ["ckpt/model.ckpt-114494.pkl"], "signature": null}