{"created_at": "2025-07-31T07:02:09.590639+00:00", "train_time": 77592, "train_step": 129695, "platform": "tencent_kaiwu", "business": "competition", "user_id": 1, "team_id": 2, "project_code": "back_to_the_realm_v2", "project_version": "24.0.1", "task_id": "uuid", "algorithm": "target_dqn", "model_file_name": "back_to_the_realm_v2-target_dqn-129695-2025_07_31_15_02_09-24.0.1.zip", "model_file_hash": "d10bc173ad7d5189536b32478477905f44f5c8e8e4df8c12c21cac9d3089b241", "model_file_path": ["ckpt/model.ckpt-129695.pkl"], "signature": null}