{"created_at": "2025-08-04T08:48:08.544219+00:00", "train_time": 10846, "train_step": 17037, "platform": "tencent_kaiwu", "business": "competition", "user_id": 1, "team_id": 2, "project_code": "back_to_the_realm_v2", "project_version": "24.0.1", "task_id": "uuid", "algorithm": "target_dqn", "model_file_name": "back_to_the_realm_v2-target_dqn-17037-2025_08_04_16_48_08-24.0.1.zip", "model_file_hash": "cde1705ed77ea968bb8b98791c9e59f192c1eef4da74c8791bca3d9fe883e512", "model_file_path": ["ckpt/model.ckpt-17037.pkl"], "signature": null}