{"created_at": "2025-08-04T00:44:18.449553+00:00", "train_time": 27826, "train_step": 30256, "platform": "tencent_kaiwu", "business": "competition", "user_id": 1, "team_id": 2, "project_code": "back_to_the_realm_v2", "project_version": "24.0.1", "task_id": "uuid", "algorithm": "target_dqn", "model_file_name": "back_to_the_realm_v2-target_dqn-30256-2025_08_04_08_44_18-24.0.1.zip", "model_file_hash": "8510927744a6f289ae93d3f997bca6f9345d89b125480e7603e1c718004e1e67", "model_file_path": ["ckpt/model.ckpt-30256.pkl"], "signature": null}