{"created_at": "2025-07-25T06:25:47.280813+00:00", "train_time": 7238, "train_step": 12255, "platform": "tencent_kaiwu", "business": "competition", "user_id": 1, "team_id": 2, "project_code": "back_to_the_realm_v2", "project_version": "24.0.1", "task_id": "uuid", "algorithm": "target_dqn", "model_file_name": "back_to_the_realm_v2-target_dqn-12255-2025_07_25_14_25_47-24.0.1.zip", "model_file_hash": "b2d486d6eaed1d0c98409b511dbc7a4ff0685dc3ce29b48618ff1612b347c3b1", "model_file_path": ["ckpt/model.ckpt-12255.pkl"], "signature": null}