{"created_at": "2025-08-07T15:03:24.992766+00:00", "train_time": 9045, "train_step": 14190, "platform": "tencent_kaiwu", "business": "competition", "user_id": 1, "team_id": 2, "project_code": "back_to_the_realm_v2", "project_version": "24.0.1", "task_id": "uuid", "algorithm": "target_dqn", "model_file_name": "back_to_the_realm_v2-target_dqn-14190-2025_08_07_23_03_24-24.0.1.zip", "model_file_hash": "9dedb1a2d4ffb6e27f95845fb3a040b95e1b35d1b25b7cef1ff23d9efa5c23ae", "model_file_path": ["ckpt/model.ckpt-14190.pkl"], "signature": null}