{"created_at": "2025-07-31T05:01:54.288505+00:00", "train_time": 70376, "train_step": 117528, "platform": "tencent_kaiwu", "business": "competition", "user_id": 1, "team_id": 2, "project_code": "back_to_the_realm_v2", "project_version": "24.0.1", "task_id": "uuid", "algorithm": "target_dqn", "model_file_name": "back_to_the_realm_v2-target_dqn-117528-2025_07_31_13_01_54-24.0.1.zip", "model_file_hash": "5675d7eda50205d18e59016272df3c540f59d2cc58259036a8d5826489da979a", "model_file_path": ["ckpt/model.ckpt-117528.pkl"], "signature": null}