{"created_at": "2025-08-06T14:34:08.353609+00:00", "train_time": 37884, "train_step": 58878, "platform": "tencent_kaiwu", "business": "competition", "user_id": 1, "team_id": 2, "project_code": "back_to_the_realm_v2", "project_version": "24.0.1", "task_id": "uuid", "algorithm": "target_dqn", "model_file_name": "back_to_the_realm_v2-target_dqn-58878-2025_08_06_22_34_08-24.0.1.zip", "model_file_hash": "770c864ea3c4d63836a6cac2299ba7469d09ea0e35fb810cf03b88e55e784dfb", "model_file_path": ["ckpt/model.ckpt-58878.pkl"], "signature": null}