{"created_at": "2025-08-04T01:40:00.921864+00:00", "train_time": 37478, "train_step": 59189, "platform": "tencent_kaiwu", "business": "competition", "user_id": 1, "team_id": 2, "project_code": "back_to_the_realm_v2", "project_version": "24.0.1", "task_id": "uuid", "algorithm": "target_dqn", "model_file_name": "back_to_the_realm_v2-target_dqn-59189-2025_08_04_09_40_00-24.0.1.zip", "model_file_hash": "f4e65e7279c830abf418e6314f36842e17fe7b17094561f369a8d9f9235d32d3", "model_file_path": ["ckpt/model.ckpt-59189.pkl"], "signature": null}