{"created_at": "2025-08-05T23:24:42.405805+00:00", "train_time": 23514, "train_step": 37017, "platform": "tencent_kaiwu", "business": "competition", "user_id": 1, "team_id": 2, "project_code": "back_to_the_realm_v2", "project_version": "24.0.1", "task_id": "uuid", "algorithm": "target_dqn", "model_file_name": "back_to_the_realm_v2-target_dqn-37017-2025_08_06_07_24_42-24.0.1.zip", "model_file_hash": "f4f4a71785442e7ffe1087e1db9927d92569a3e33703be92d769a31a17110a81", "model_file_path": ["ckpt/model.ckpt-37017.pkl"], "signature": null}