{"created_at": "2025-08-04T13:48:59.372577+00:00", "train_time": 2, "train_step": 0, "platform": "tencent_kaiwu", "business": "competition", "user_id": 1, "team_id": 2, "project_code": "back_to_the_realm_v2", "project_version": "24.0.1", "task_id": "uuid", "algorithm": "target_dqn", "model_file_name": "back_to_the_realm_v2-target_dqn-0-2025_08_04_21_48_59-24.0.1.zip", "model_file_hash": "df5cd538038723fcbc050d469246c0b10c00d143f8094ea386e37461fd8580e8", "model_file_path": ["ckpt/model.ckpt-0.pkl"], "signature": null}