{"created_at": "2025-07-30T23:01:22.427665+00:00", "train_time": 48743, "train_step": 81185, "platform": "tencent_kaiwu", "business": "competition", "user_id": 1, "team_id": 2, "project_code": "back_to_the_realm_v2", "project_version": "24.0.1", "task_id": "uuid", "algorithm": "target_dqn", "model_file_name": "back_to_the_realm_v2-target_dqn-81185-2025_07_31_07_01_22-24.0.1.zip", "model_file_hash": "e0f3fec86c788a0fc9e328e58a0b64d88427b207ed16f3643ae9ac78cd0c690a", "model_file_path": ["ckpt/model.ckpt-81185.pkl"], "signature": null}