{"created_at": "2025-08-03T00:59:25.037017+00:00", "train_time": 39733, "train_step": 63383, "platform": "tencent_kaiwu", "business": "competition", "user_id": 1, "team_id": 2, "project_code": "back_to_the_realm_v2", "project_version": "24.0.1", "task_id": "uuid", "algorithm": "target_dqn", "model_file_name": "back_to_the_realm_v2-target_dqn-63383-2025_08_03_08_59_25-24.0.1.zip", "model_file_hash": "efc7d00a9d943ccd58ebf14aaeed7d4244205615ecaf4380cdf68991b899c257", "model_file_path": ["ckpt/model.ckpt-63383.pkl"], "signature": null}