{"created_at": "2025-08-05T17:53:06.546819+00:00", "train_time": 3617, "train_step": 5654, "platform": "tencent_kaiwu", "business": "competition", "user_id": 1, "team_id": 2, "project_code": "back_to_the_realm_v2", "project_version": "24.0.1", "task_id": "uuid", "algorithm": "target_dqn", "model_file_name": "back_to_the_realm_v2-target_dqn-5654-2025_08_06_01_53_06-24.0.1.zip", "model_file_hash": "15bc4c53d54d7fe6e84e00cbc2d80ea1b7f6f434475cfde8fe9304c685477b5a", "model_file_path": ["ckpt/model.ckpt-5654.pkl"], "signature": null}