{"created_at": "2025-08-01T23:57:30.669004+00:00", "train_time": 23467, "train_step": 37293, "platform": "tencent_kaiwu", "business": "competition", "user_id": 1, "team_id": 2, "project_code": "back_to_the_realm_v2", "project_version": "24.0.1", "task_id": "uuid", "algorithm": "target_dqn", "model_file_name": "back_to_the_realm_v2-target_dqn-37293-2025_08_02_07_57_30-24.0.1.zip", "model_file_hash": "ec106b0bc3559ef68430aee536a96b6e5f1eda76d98e82e648c5ff484042c693", "model_file_path": ["ckpt/model.ckpt-37293.pkl"], "signature": null}