{"created_at": "2025-08-05T11:31:19.460142+00:00", "train_time": 28896, "train_step": 45101, "platform": "tencent_kaiwu", "business": "competition", "user_id": 1, "team_id": 2, "project_code": "back_to_the_realm_v2", "project_version": "24.0.1", "task_id": "uuid", "algorithm": "target_dqn", "model_file_name": "back_to_the_realm_v2-target_dqn-45101-2025_08_05_19_31_19-24.0.1.zip", "model_file_hash": "3dbc16b9bf4b6ac1667b78f250f4efc44bcbded73eb3a32902d3cfa45affef88", "model_file_path": ["ckpt/model.ckpt-45101.pkl"], "signature": null}