{"created_at": "2025-08-04T00:39:30.621378+00:00", "train_time": 33847, "train_step": 53438, "platform": "tencent_kaiwu", "business": "competition", "user_id": 1, "team_id": 2, "project_code": "back_to_the_realm_v2", "project_version": "24.0.1", "task_id": "uuid", "algorithm": "target_dqn", "model_file_name": "back_to_the_realm_v2-target_dqn-53438-2025_08_04_08_39_30-24.0.1.zip", "model_file_hash": "ecf8727d8ebfd655101117b60d9c460774f0da75e68e4072b61a63fca0a2c902", "model_file_path": ["ckpt/model.ckpt-53438.pkl"], "signature": null}