{"created_at": "2025-08-07T13:03:14.001991+00:00", "train_time": 1834, "train_step": 2843, "platform": "tencent_kaiwu", "business": "competition", "user_id": 1, "team_id": 2, "project_code": "back_to_the_realm_v2", "project_version": "24.0.1", "task_id": "uuid", "algorithm": "target_dqn", "model_file_name": "back_to_the_realm_v2-target_dqn-2843-2025_08_07_21_03_14-24.0.1.zip", "model_file_hash": "304bbb260c9b0ff6898b2da9aac6150a6fc48ffce4ea7f8e3f19ce91d7b4dc91", "model_file_path": ["ckpt/model.ckpt-2843.pkl"], "signature": null}