{"created_at": "2025-08-07T07:16:49.885570+00:00", "train_time": 3633, "train_step": 5713, "platform": "tencent_kaiwu", "business": "competition", "user_id": 1, "team_id": 2, "project_code": "back_to_the_realm_v2", "project_version": "24.0.1", "task_id": "uuid", "algorithm": "target_dqn", "model_file_name": "back_to_the_realm_v2-target_dqn-5713-2025_08_07_15_16_49-24.0.1.zip", "model_file_hash": "bddc09a458b4ee3cb55d707a7f2d350b6db874c97d8747650f5e805b69410427", "model_file_path": ["ckpt/model.ckpt-5713.pkl"], "signature": null}