{"created_at": "2025-08-07T12:31:50.505202+00:00", "train_time": 11557, "train_step": 18074, "platform": "tencent_kaiwu", "business": "competition", "user_id": 1, "team_id": 2, "project_code": "back_to_the_realm_v2", "project_version": "24.0.1", "task_id": "uuid", "algorithm": "target_dqn", "model_file_name": "back_to_the_realm_v2-target_dqn-18074-2025_08_07_20_31_50-24.0.1.zip", "model_file_hash": "07a5e58831496c991fda0fad864a057e7bef194ba6e68abb0949b16f04a0b139", "model_file_path": ["ckpt/model.ckpt-18074.pkl"], "signature": null}