{"created_at": "2025-07-30T11:59:39.445869+00:00", "train_time": 9030, "train_step": 14853, "platform": "tencent_kaiwu", "business": "competition", "user_id": 1, "team_id": 2, "project_code": "back_to_the_realm_v2", "project_version": "24.0.1", "task_id": "uuid", "algorithm": "target_dqn", "model_file_name": "back_to_the_realm_v2-target_dqn-14853-2025_07_30_19_59_39-24.0.1.zip", "model_file_hash": "86579c61f7a81f7644d7498f045888b177e214bc6cb0f1be5b368d6fd231c422", "model_file_path": ["ckpt/model.ckpt-14853.pkl"], "signature": null}