{"created_at": "2025-07-30T02:26:40.864796+00:00", "train_time": 34334, "train_step": 57809, "platform": "tencent_kaiwu", "business": "competition", "user_id": 1, "team_id": 2, "project_code": "back_to_the_realm_v2", "project_version": "24.0.1", "task_id": "uuid", "algorithm": "target_dqn", "model_file_name": "back_to_the_realm_v2-target_dqn-57809-2025_07_30_10_26_40-24.0.1.zip", "model_file_hash": "4efa95155bda007d504628bd78154dbb00913db2d62b469acdbf0b5fd5079bc0", "model_file_path": ["ckpt/model.ckpt-57809.pkl"], "signature": null}