{"created_at": "2025-08-02T16:58:56.352514+00:00", "train_time": 10903, "train_step": 17268, "platform": "tencent_kaiwu", "business": "competition", "user_id": 1, "team_id": 2, "project_code": "back_to_the_realm_v2", "project_version": "24.0.1", "task_id": "uuid", "algorithm": "target_dqn", "model_file_name": "back_to_the_realm_v2-target_dqn-17268-2025_08_03_00_58_56-24.0.1.zip", "model_file_hash": "6679f68bd05ca9670b36b8b867b70a49b561037638621fb1f74fd6d66a7a036f", "model_file_path": ["ckpt/model.ckpt-17268.pkl"], "signature": null}