{"created_at": "2025-07-31T16:36:32.478292+00:00", "train_time": 28868, "train_step": 45557, "platform": "tencent_kaiwu", "business": "competition", "user_id": 1, "team_id": 2, "project_code": "back_to_the_realm_v2", "project_version": "24.0.1", "task_id": "uuid", "algorithm": "target_dqn", "model_file_name": "back_to_the_realm_v2-target_dqn-45557-2025_08_01_00_36_32-24.0.1.zip", "model_file_hash": "4405f0bbe1183cb9ee489eae533cdd43a83281441faa4e12f04ee02e7ba4de01", "model_file_path": ["ckpt/model.ckpt-45557.pkl"], "signature": null}