{"created_at": "2025-07-28T14:16:09.061015+00:00", "train_time": 1822, "train_step": 3015, "platform": "tencent_kaiwu", "business": "competition", "user_id": 1, "team_id": 2, "project_code": "back_to_the_realm_v2", "project_version": "24.0.1", "task_id": "uuid", "algorithm": "target_dqn", "model_file_name": "back_to_the_realm_v2-target_dqn-3015-2025_07_28_22_16_09-24.0.1.zip", "model_file_hash": "c2faf3bee7c454c3ba19834fce212436fe29f826b989345266036e30972ac94a", "model_file_path": ["ckpt/model.ckpt-3015.pkl"], "signature": null}