{"created_at": "2025-07-29T16:54:44.087634+00:00", "train_time": 16, "train_step": 0, "platform": "tencent_kaiwu", "business": "competition", "user_id": 1, "team_id": 2, "project_code": "back_to_the_realm_v2", "project_version": "24.0.1", "task_id": "uuid", "algorithm": "target_dqn", "model_file_name": "back_to_the_realm_v2-target_dqn-0-2025_07_30_00_54_44-24.0.1.zip", "model_file_hash": "8c7397a14d742b771ea59a3f5a5ee8a31793f6d45978f0d563dd6afb2d22b030", "model_file_path": ["ckpt/model.ckpt-0.pkl"], "signature": null}