{"created_at": "2025-08-06T15:34:10.540555+00:00", "train_time": 41486, "train_step": 64506, "platform": "tencent_kaiwu", "business": "competition", "user_id": 1, "team_id": 2, "project_code": "back_to_the_realm_v2", "project_version": "24.0.1", "task_id": "uuid", "algorithm": "target_dqn", "model_file_name": "back_to_the_realm_v2-target_dqn-64506-2025_08_06_23_34_10-24.0.1.zip", "model_file_hash": "7a5aa8fc260b9257b94507856e0b5a2a859fb50330c86a4660da366888c17de7", "model_file_path": ["ckpt/model.ckpt-64506.pkl"], "signature": null}