{"created_at": "2025-07-28T09:18:51.377370+00:00", "train_time": 3624, "train_step": 5905, "platform": "tencent_kaiwu", "business": "competition", "user_id": 1, "team_id": 2, "project_code": "back_to_the_realm_v2", "project_version": "24.0.1", "task_id": "uuid", "algorithm": "dqn", "model_file_name": "back_to_the_realm_v2-dqn-5905-2025_07_28_17_18_51-24.0.1.zip", "model_file_hash": "348dd373565a23501a7c11bfccc44c1ca2b0e8b53bf04c3dcb9bb93428a99cb0", "model_file_path": ["ckpt/model.ckpt-5905.pkl"], "signature": null}