{"created_at": "2025-08-03T17:05:43.912833+00:00", "train_time": 6734, "train_step": 10534, "platform": "tencent_kaiwu", "business": "competition", "user_id": 1, "team_id": 2, "project_code": "back_to_the_realm_v2", "project_version": "24.0.1", "task_id": "uuid", "algorithm": "target_dqn", "model_file_name": "back_to_the_realm_v2-target_dqn-10534-2025_08_04_01_05_43-24.0.1.zip", "model_file_hash": "1bd3faf7f3e018ad8ecf0949baa372dcfe8a71ffea9973376033dbdd15f6502c", "model_file_path": ["ckpt/model.ckpt-10534.pkl"], "signature": null}