{"created_at": "2025-08-07T18:34:20.933280+00:00", "train_time": 21702, "train_step": 34187, "platform": "tencent_kaiwu", "business": "competition", "user_id": 1, "team_id": 2, "project_code": "back_to_the_realm_v2", "project_version": "24.0.1", "task_id": "uuid", "algorithm": "target_dqn", "model_file_name": "back_to_the_realm_v2-target_dqn-34187-2025_08_08_02_34_20-24.0.1.zip", "model_file_hash": "0a385e0b82e827c0cb958fe01f66a6f46aa5ba916f6e5c4e0a0147202c9cf4f2", "model_file_path": ["ckpt/model.ckpt-34187.pkl"], "signature": null}