{"created_at": "2025-08-07T15:33:28.654881+00:00", "train_time": 10849, "train_step": 17023, "platform": "tencent_kaiwu", "business": "competition", "user_id": 1, "team_id": 2, "project_code": "back_to_the_realm_v2", "project_version": "24.0.1", "task_id": "uuid", "algorithm": "target_dqn", "model_file_name": "back_to_the_realm_v2-target_dqn-17023-2025_08_07_23_33_28-24.0.1.zip", "model_file_hash": "668bd7d1d0f2a21ee2f528245c208f36dffdf8bf1fd6cfd9e137a792139b4f9c", "model_file_path": ["ckpt/model.ckpt-17023.pkl"], "signature": null}