{"created_at": "2025-08-04T02:21:43.320352+00:00", "train_time": 1235, "train_step": 1832, "platform": "tencent_kaiwu", "business": "competition", "user_id": 1, "team_id": 2, "project_code": "back_to_the_realm_v2", "project_version": "24.0.1", "task_id": "uuid", "algorithm": "target_dqn", "model_file_name": "back_to_the_realm_v2-target_dqn-1832-2025_08_04_10_21_43-24.0.1.zip", "model_file_hash": "029d2c5ce6ef23ca5cbc502cd20091f8c6e571373420a5524f99f92dd9948738", "model_file_path": ["ckpt/model.ckpt-1832.pkl"], "signature": null}