{"created_at": "2025-08-04T05:28:31.543545+00:00", "train_time": 3236, "train_step": 5016, "platform": "tencent_kaiwu", "business": "competition", "user_id": 1, "team_id": 2, "project_code": "back_to_the_realm_v2", "project_version": "24.0.1", "task_id": "uuid", "algorithm": "target_dqn", "model_file_name": "back_to_the_realm_v2-target_dqn-5016-2025_08_04_13_28_31-24.0.1.zip", "model_file_hash": "3378c1eb9d727656487fc77221735f838de82bddf8ddb19cd7232cc566ebf64d", "model_file_path": ["ckpt/model.ckpt-5016.pkl"], "signature": null}