{"created_at": "2025-07-25T04:24:09.329100+00:00", "train_time": 4552, "train_step": 8053, "platform": "tencent_kaiwu", "business": "competition", "user_id": 1, "team_id": 2, "project_code": "back_to_the_realm_v2", "project_version": "24.0.1", "task_id": "uuid", "algorithm": "target_dqn", "model_file_name": "back_to_the_realm_v2-target_dqn-8053-2025_07_25_12_24_09-24.0.1.zip", "model_file_hash": "08dae23507ffbc518c7911139d79bf7caa3ab6d36b2724212ebd13717c9eb559", "model_file_path": ["ckpt/model.ckpt-8053.pkl"], "signature": null}