{"created_at": "2025-08-02T02:27:42.163895+00:00", "train_time": 32479, "train_step": 51558, "platform": "tencent_kaiwu", "business": "competition", "user_id": 1, "team_id": 2, "project_code": "back_to_the_realm_v2", "project_version": "24.0.1", "task_id": "uuid", "algorithm": "target_dqn", "model_file_name": "back_to_the_realm_v2-target_dqn-51558-2025_08_02_10_27_42-24.0.1.zip", "model_file_hash": "927f97ab405178c9e0792b21991f7212be7ad46c57635bb7dfab875eff269f19", "model_file_path": ["ckpt/model.ckpt-51558.pkl"], "signature": null}