{"created_at": "2025-08-06T04:33:03.975212+00:00", "train_time": 1818, "train_step": 2822, "platform": "tencent_kaiwu", "business": "competition", "user_id": 1, "team_id": 2, "project_code": "back_to_the_realm_v2", "project_version": "24.0.1", "task_id": "uuid", "algorithm": "target_dqn", "model_file_name": "back_to_the_realm_v2-target_dqn-2822-2025_08_06_12_33_03-24.0.1.zip", "model_file_hash": "b9389366e73f703fafc867b1c0926910641d9eb44b94d2b2193abe9f5edcb37f", "model_file_path": ["ckpt/model.ckpt-2822.pkl"], "signature": null}