{"created_at": "2025-08-05T22:54:39.545268+00:00", "train_time": 21711, "train_step": 34187, "platform": "tencent_kaiwu", "business": "competition", "user_id": 1, "team_id": 2, "project_code": "back_to_the_realm_v2", "project_version": "24.0.1", "task_id": "uuid", "algorithm": "target_dqn", "model_file_name": "back_to_the_realm_v2-target_dqn-34187-2025_08_06_06_54_39-24.0.1.zip", "model_file_hash": "5c1a63537e445db0558c6977353079f0d9bb86acdd31d21480a948318a8627e1", "model_file_path": ["ckpt/model.ckpt-34187.pkl"], "signature": null}