{"created_at": "2025-08-07T09:49:46.006301+00:00", "train_time": 1832, "train_step": 2838, "platform": "tencent_kaiwu", "business": "competition", "user_id": 1, "team_id": 2, "project_code": "back_to_the_realm_v2", "project_version": "24.0.1", "task_id": "uuid", "algorithm": "target_dqn", "model_file_name": "back_to_the_realm_v2-target_dqn-2838-2025_08_07_17_49_46-24.0.1.zip", "model_file_hash": "cc07306107d11485a2da837c715b0643452b5ed912e0834575bde49346d1b056", "model_file_path": ["ckpt/model.ckpt-2838.pkl"], "signature": null}