{"created_at": "2025-08-05T18:23:33.730756+00:00", "train_time": 5444, "train_step": 8562, "platform": "tencent_kaiwu", "business": "competition", "user_id": 1, "team_id": 2, "project_code": "back_to_the_realm_v2", "project_version": "24.0.1", "task_id": "uuid", "algorithm": "target_dqn", "model_file_name": "back_to_the_realm_v2-target_dqn-8562-2025_08_06_02_23_33-24.0.1.zip", "model_file_hash": "fd2e3ba725c297bf7f8ea6404922df0590ee2d5ad925d6d99c3a8bea4a79d059", "model_file_path": ["ckpt/model.ckpt-8562.pkl"], "signature": null}