{"created_at": "2025-08-06T16:52:00.794032+00:00", "train_time": 1805, "train_step": 2818, "platform": "tencent_kaiwu", "business": "competition", "user_id": 1, "team_id": 2, "project_code": "back_to_the_realm_v2", "project_version": "24.0.1", "task_id": "uuid", "algorithm": "target_dqn", "model_file_name": "back_to_the_realm_v2-target_dqn-2818-2025_08_07_00_52_00-24.0.1.zip", "model_file_hash": "9218d0da62f6fcd6807ec8f69fa9a5bfb65d9adb77ea0f9b3896e3ba5e15444a", "model_file_path": ["ckpt/model.ckpt-2818.pkl"], "signature": null}