{"created_at": "2025-07-30T23:31:25.142131+00:00", "train_time": 50546, "train_step": 84223, "platform": "tencent_kaiwu", "business": "competition", "user_id": 1, "team_id": 2, "project_code": "back_to_the_realm_v2", "project_version": "24.0.1", "task_id": "uuid", "algorithm": "target_dqn", "model_file_name": "back_to_the_realm_v2-target_dqn-84223-2025_07_31_07_31_25-24.0.1.zip", "model_file_hash": "24c60851546ea960aaab2a9c5644633035e84bbc3310d8272292fee8524769ec", "model_file_path": ["ckpt/model.ckpt-84223.pkl"], "signature": null}