{"created_at": "2025-08-03T08:12:00.333527+00:00", "train_time": 14515, "train_step": 23158, "platform": "tencent_kaiwu", "business": "competition", "user_id": 1, "team_id": 2, "project_code": "back_to_the_realm_v2", "project_version": "24.0.1", "task_id": "uuid", "algorithm": "target_dqn", "model_file_name": "back_to_the_realm_v2-target_dqn-23158-2025_08_03_16_12_00-24.0.1.zip", "model_file_hash": "811c85bf04f5a5e86cf363392fca123f7e7d231fd25f44ca02e40d9d4a10a920", "model_file_path": ["ckpt/model.ckpt-23158.pkl"], "signature": null}