{"created_at": "2025-07-29T05:37:23.981650+00:00", "train_time": 5429, "train_step": 9113, "platform": "tencent_kaiwu", "business": "competition", "user_id": 1, "team_id": 2, "project_code": "back_to_the_realm_v2", "project_version": "24.0.1", "task_id": "uuid", "algorithm": "target_dqn", "model_file_name": "back_to_the_realm_v2-target_dqn-9113-2025_07_29_13_37_23-24.0.1.zip", "model_file_hash": "21ffc51732d31472a816b7afaf4582dab4d6748009d14daf88f3ab3d429a4a18", "model_file_path": ["ckpt/model.ckpt-9113.pkl"], "signature": null}