{"created_at": "2025-08-03T09:12:41.224398+00:00", "train_time": 18156, "train_step": 28896, "platform": "tencent_kaiwu", "business": "competition", "user_id": 1, "team_id": 2, "project_code": "back_to_the_realm_v2", "project_version": "24.0.1", "task_id": "uuid", "algorithm": "target_dqn", "model_file_name": "back_to_the_realm_v2-target_dqn-28896-2025_08_03_17_12_41-24.0.1.zip", "model_file_hash": "dedae94866a7178874dba228574c09735c77a4689d7e5e8fb56397de20a29921", "model_file_path": ["ckpt/model.ckpt-28896.pkl"], "signature": null}