{"created_at": "2025-08-08T15:08:36.353441+00:00", "train_time": 47132, "train_step": 73156, "platform": "tencent_kaiwu", "business": "competition", "user_id": 1, "team_id": 2, "project_code": "back_to_the_realm_v2", "project_version": "24.0.1", "task_id": "uuid", "algorithm": "target_dqn", "model_file_name": "back_to_the_realm_v2-target_dqn-73156-2025_08_08_23_08_36-24.0.1.zip", "model_file_hash": "e13b78a97e68d1940c85b4e2b14134b60eacae65fa6b787372f45c0136c2a582", "model_file_path": ["ckpt/model.ckpt-73156.pkl"], "signature": null}