{"created_at": "2025-07-29T11:45:51.060761+00:00", "train_time": 12664, "train_step": 21270, "platform": "tencent_kaiwu", "business": "competition", "user_id": 1, "team_id": 2, "project_code": "back_to_the_realm_v2", "project_version": "24.0.1", "task_id": "uuid", "algorithm": "target_dqn", "model_file_name": "back_to_the_realm_v2-target_dqn-21270-2025_07_29_19_45_51-24.0.1.zip", "model_file_hash": "dc021e6fd98e8b99b6ecd16afd563c705d805942425f4ce52a710fa4b8b173ab", "model_file_path": ["ckpt/model.ckpt-21270.pkl"], "signature": null}