{"created_at": "2025-08-02T13:13:35.356467+00:00", "train_time": 7268, "train_step": 11538, "platform": "tencent_kaiwu", "business": "competition", "user_id": 1, "team_id": 2, "project_code": "back_to_the_realm_v2", "project_version": "24.0.1", "task_id": "uuid", "algorithm": "target_dqn", "model_file_name": "back_to_the_realm_v2-target_dqn-11538-2025_08_02_21_13_35-24.0.1.zip", "model_file_hash": "1531988c1a7d6e6c5bbfb8cd307de61910f50d05300ffb712bb70f8fff7758dc", "model_file_path": ["ckpt/model.ckpt-11538.pkl"], "signature": null}