{"created_at": "2025-07-29T09:15:10.720718+00:00", "train_time": 3623, "train_step": 6066, "platform": "tencent_kaiwu", "business": "competition", "user_id": 1, "team_id": 2, "project_code": "back_to_the_realm_v2", "project_version": "24.0.1", "task_id": "uuid", "algorithm": "target_dqn", "model_file_name": "back_to_the_realm_v2-target_dqn-6066-2025_07_29_17_15_10-24.0.1.zip", "model_file_hash": "e0496438b4616aac3ea5e88b3631442f3eea3df96deff8abd63bff8a0e1536a2", "model_file_path": ["ckpt/model.ckpt-6066.pkl"], "signature": null}