{"created_at": "2025-07-31T03:01:41.646946+00:00", "train_time": 63163, "train_step": 105420, "platform": "tencent_kaiwu", "business": "competition", "user_id": 1, "team_id": 2, "project_code": "back_to_the_realm_v2", "project_version": "24.0.1", "task_id": "uuid", "algorithm": "target_dqn", "model_file_name": "back_to_the_realm_v2-target_dqn-105420-2025_07_31_11_01_41-24.0.1.zip", "model_file_hash": "1b2db4da88398919b6177e962bc1b3aed1411859c97a8503fbdf45de6440306f", "model_file_path": ["ckpt/model.ckpt-105420.pkl"], "signature": null}