{"created_at": "2025-08-07T08:47:04.524904+00:00", "train_time": 9056, "train_step": 14232, "platform": "tencent_kaiwu", "business": "competition", "user_id": 1, "team_id": 2, "project_code": "back_to_the_realm_v2", "project_version": "24.0.1", "task_id": "uuid", "algorithm": "target_dqn", "model_file_name": "back_to_the_realm_v2-target_dqn-14232-2025_08_07_16_47_04-24.0.1.zip", "model_file_hash": "7429f144a7dff5673fec4160d98c8e743cd1d36dfc8683db32a02e443cb5c5cd", "model_file_path": ["ckpt/model.ckpt-14232.pkl"], "signature": null}