{"created_at": "2025-07-31T10:06:04.021037+00:00", "train_time": 5438, "train_step": 8513, "platform": "tencent_kaiwu", "business": "competition", "user_id": 1, "team_id": 2, "project_code": "back_to_the_realm_v2", "project_version": "24.0.1", "task_id": "uuid", "algorithm": "target_dqn", "model_file_name": "back_to_the_realm_v2-target_dqn-8513-2025_07_31_18_06_04-24.0.1.zip", "model_file_hash": "17c57c91a20047cf82465e737f9ddbba09d2d470d680cdc572f6568d2101a1e9", "model_file_path": ["ckpt/model.ckpt-8513.pkl"], "signature": null}