{"created_at": "2025-07-25T04:55:24.501162+00:00", "train_time": 1815, "train_step": 3058, "platform": "tencent_kaiwu", "business": "competition", "user_id": 1, "team_id": 2, "project_code": "back_to_the_realm_v2", "project_version": "24.0.1", "task_id": "uuid", "algorithm": "target_dqn", "model_file_name": "back_to_the_realm_v2-target_dqn-3058-2025_07_25_12_55_24-24.0.1.zip", "model_file_hash": "43bb1069a304d4919baa55a81052ba430e11ce3173f7dc0f04668c65811dc834", "model_file_path": ["ckpt/model.ckpt-3058.pkl"], "signature": null}