{"created_at": "2025-08-05T13:31:22.902465+00:00", "train_time": 36108, "train_step": 56360, "platform": "tencent_kaiwu", "business": "competition", "user_id": 1, "team_id": 2, "project_code": "back_to_the_realm_v2", "project_version": "24.0.1", "task_id": "uuid", "algorithm": "target_dqn", "model_file_name": "back_to_the_realm_v2-target_dqn-56360-2025_08_05_21_31_22-24.0.1.zip", "model_file_hash": "10d1c82fd3ac7399aefd2376e9a7a9dbb1636689821c1794f20498a68b681a38", "model_file_path": ["ckpt/model.ckpt-56360.pkl"], "signature": null}