{"created_at": "2025-08-03T23:39:06.081017+00:00", "train_time": 30223, "train_step": 47700, "platform": "tencent_kaiwu", "business": "competition", "user_id": 1, "team_id": 2, "project_code": "back_to_the_realm_v2", "project_version": "24.0.1", "task_id": "uuid", "algorithm": "target_dqn", "model_file_name": "back_to_the_realm_v2-target_dqn-47700-2025_08_04_07_39_06-24.0.1.zip", "model_file_hash": "871bb3f69ec3dbe4319f4d83e34e748c3af285d521dd6dd47de3c0fb3756fadf", "model_file_path": ["ckpt/model.ckpt-47700.pkl"], "signature": null}