{"created_at": "2025-08-03T02:59:28.578975+00:00", "train_time": 46937, "train_step": 74919, "platform": "tencent_kaiwu", "business": "competition", "user_id": 1, "team_id": 2, "project_code": "back_to_the_realm_v2", "project_version": "24.0.1", "task_id": "uuid", "algorithm": "target_dqn", "model_file_name": "back_to_the_realm_v2-target_dqn-74919-2025_08_03_10_59_28-24.0.1.zip", "model_file_hash": "4c0af4e2c4873faa0d51ac67949125888ff2bcbda1ec735996cf2c1c3cba046f", "model_file_path": ["ckpt/model.ckpt-74919.pkl"], "signature": null}