{"created_at": "2025-08-03T02:29:27.300585+00:00", "train_time": 45135, "train_step": 72037, "platform": "tencent_kaiwu", "business": "competition", "user_id": 1, "team_id": 2, "project_code": "back_to_the_realm_v2", "project_version": "24.0.1", "task_id": "uuid", "algorithm": "target_dqn", "model_file_name": "back_to_the_realm_v2-target_dqn-72037-2025_08_03_10_29_27-24.0.1.zip", "model_file_hash": "1b935b9d89366264198a1b020cbcac980fcd3a72ad6fb552905794bec1540b4b", "model_file_path": ["ckpt/model.ckpt-72037.pkl"], "signature": null}