{"created_at": "2025-07-30T06:57:26.775737+00:00", "train_time": 50580, "train_step": 84643, "platform": "tencent_kaiwu", "business": "competition", "user_id": 1, "team_id": 2, "project_code": "back_to_the_realm_v2", "project_version": "24.0.1", "task_id": "uuid", "algorithm": "target_dqn", "model_file_name": "back_to_the_realm_v2-target_dqn-84643-2025_07_30_14_57_26-24.0.1.zip", "model_file_hash": "05cce7bf9f52c44bae043a0c475c21bd8865c17e5cd8466873dabcb30fa0180e", "model_file_path": ["ckpt/model.ckpt-84643.pkl"], "signature": null}