{"created_at": "2025-08-07T23:06:39.830282+00:00", "train_time": 38041, "train_step": 60815, "platform": "tencent_kaiwu", "business": "competition", "user_id": 1, "team_id": 2, "project_code": "back_to_the_realm_v2", "project_version": "24.0.1", "task_id": "uuid", "algorithm": "target_dqn", "model_file_name": "back_to_the_realm_v2-target_dqn-60815-2025_08_08_07_06_39-24.0.1.zip", "model_file_hash": "3ad29b4c97f3f739af0975646ca2bbebf05694c1b8a2c16e596d22b278e93739", "model_file_path": ["ckpt/model.ckpt-60815.pkl"], "signature": null}