{"created_at": "2025-08-06T21:53:46.373909+00:00", "train_time": 19911, "train_step": 32218, "platform": "tencent_kaiwu", "business": "competition", "user_id": 1, "team_id": 2, "project_code": "back_to_the_realm_v2", "project_version": "24.0.1", "task_id": "uuid", "algorithm": "target_dqn", "model_file_name": "back_to_the_realm_v2-target_dqn-32218-2025_08_07_05_53_46-24.0.1.zip", "model_file_hash": "50dd55aa2f95704ee71e26ea8dba7a7b540c4ad22e2b730f6905e1ae70c17ba4", "model_file_path": ["ckpt/model.ckpt-32218.pkl"], "signature": null}