{"created_at": "2025-07-29T03:24:34.488318+00:00", "train_time": 3625, "train_step": 6104, "platform": "tencent_kaiwu", "business": "competition", "user_id": 1, "team_id": 2, "project_code": "back_to_the_realm_v2", "project_version": "24.0.1", "task_id": "uuid", "algorithm": "target_dqn", "model_file_name": "back_to_the_realm_v2-target_dqn-6104-2025_07_29_11_24_34-24.0.1.zip", "model_file_hash": "f52ad91481ce1b9666db7a1fae93e231a3ece0d7e4d91e02462c4aca7718c43d", "model_file_path": ["ckpt/model.ckpt-6104.pkl"], "signature": null}