{"created_at": "2025-08-03T11:16:33.060596+00:00", "train_time": 7248, "train_step": 11528, "platform": "tencent_kaiwu", "business": "competition", "user_id": 1, "team_id": 2, "project_code": "back_to_the_realm_v2", "project_version": "24.0.1", "task_id": "uuid", "algorithm": "target_dqn", "model_file_name": "back_to_the_realm_v2-target_dqn-11528-2025_08_03_19_16_33-24.0.1.zip", "model_file_hash": "06283258b682751c76df9c79cf740dc1c73b58fbc21fec5eaee03f115bf1da8d", "model_file_path": ["ckpt/model.ckpt-11528.pkl"], "signature": null}