{"created_at": "2025-07-30T22:01:09.139996+00:00", "train_time": 45130, "train_step": 75099, "platform": "tencent_kaiwu", "business": "competition", "user_id": 1, "team_id": 2, "project_code": "back_to_the_realm_v2", "project_version": "24.0.1", "task_id": "uuid", "algorithm": "target_dqn", "model_file_name": "back_to_the_realm_v2-target_dqn-75099-2025_07_31_06_01_09-24.0.1.zip", "model_file_hash": "7b526d70e48ef7d409f0ffbc9f84b863be6efe86b36132f10513d3306a17c7a5", "model_file_path": ["ckpt/model.ckpt-75099.pkl"], "signature": null}