{"created_at": "2025-08-06T00:54:45.382407+00:00", "train_time": 28917, "train_step": 45497, "platform": "tencent_kaiwu", "business": "competition", "user_id": 1, "team_id": 2, "project_code": "back_to_the_realm_v2", "project_version": "24.0.1", "task_id": "uuid", "algorithm": "target_dqn", "model_file_name": "back_to_the_realm_v2-target_dqn-45497-2025_08_06_08_54_45-24.0.1.zip", "model_file_hash": "30de9252495fce49d1c9344537d4423c6c0052429686fb23c0083f0de6fb89ca", "model_file_path": ["ckpt/model.ckpt-45497.pkl"], "signature": null}