{"created_at": "2025-08-03T21:07:55.251010+00:00", "train_time": 21151, "train_step": 33339, "platform": "tencent_kaiwu", "business": "competition", "user_id": 1, "team_id": 2, "project_code": "back_to_the_realm_v2", "project_version": "24.0.1", "task_id": "uuid", "algorithm": "target_dqn", "model_file_name": "back_to_the_realm_v2-target_dqn-33339-2025_08_04_05_07_55-24.0.1.zip", "model_file_hash": "993dfaf3afc5ad0a59f24e921967ec80690c1b3a64e8086977afb507dde701ca", "model_file_path": ["ckpt/model.ckpt-33339.pkl"], "signature": null}