{"created_at": "2025-08-05T07:31:00.046212+00:00", "train_time": 14476, "train_step": 22785, "platform": "tencent_kaiwu", "business": "competition", "user_id": 1, "team_id": 2, "project_code": "back_to_the_realm_v2", "project_version": "24.0.1", "task_id": "uuid", "algorithm": "target_dqn", "model_file_name": "back_to_the_realm_v2-target_dqn-22785-2025_08_05_15_31_00-24.0.1.zip", "model_file_hash": "3b4ea55b78e8efd46d1012beecd76143bbf5244cb6a4d51df2c7e7a30279d713", "model_file_path": ["ckpt/model.ckpt-22785.pkl"], "signature": null}