{"created_at": "2025-08-05T21:24:01.886086+00:00", "train_time": 16273, "train_step": 25649, "platform": "tencent_kaiwu", "business": "competition", "user_id": 1, "team_id": 2, "project_code": "back_to_the_realm_v2", "project_version": "24.0.1", "task_id": "uuid", "algorithm": "target_dqn", "model_file_name": "back_to_the_realm_v2-target_dqn-25649-2025_08_06_05_24_01-24.0.1.zip", "model_file_hash": "339eb9b33adbc0c4ea1c223d67faa74cba21339c505313324aebc6e6bb7aa7de", "model_file_path": ["ckpt/model.ckpt-25649.pkl"], "signature": null}