{"created_at": "2025-08-02T04:27:51.256471+00:00", "train_time": 39689, "train_step": 62969, "platform": "tencent_kaiwu", "business": "competition", "user_id": 1, "team_id": 2, "project_code": "back_to_the_realm_v2", "project_version": "24.0.1", "task_id": "uuid", "algorithm": "target_dqn", "model_file_name": "back_to_the_realm_v2-target_dqn-62969-2025_08_02_12_27_51-24.0.1.zip", "model_file_hash": "cc5221d329eee16af2e34b139099e14eec29e4c80fd6d02a378167a6fc0d6072", "model_file_path": ["ckpt/model.ckpt-62969.pkl"], "signature": null}