{"created_at": "2025-08-02T16:28:55.440059+00:00", "train_time": 9102, "train_step": 14424, "platform": "tencent_kaiwu", "business": "competition", "user_id": 1, "team_id": 2, "project_code": "back_to_the_realm_v2", "project_version": "24.0.1", "task_id": "uuid", "algorithm": "target_dqn", "model_file_name": "back_to_the_realm_v2-target_dqn-14424-2025_08_03_00_28_55-24.0.1.zip", "model_file_hash": "03013d671ef4aba06a464e4271e7b0ee23f465f0e113c3410ce11d7438bce4ac", "model_file_path": ["ckpt/model.ckpt-14424.pkl"], "signature": null}