{"created_at": "2025-08-06T09:33:33.958133+00:00", "train_time": 19849, "train_step": 30968, "platform": "tencent_kaiwu", "business": "competition", "user_id": 1, "team_id": 2, "project_code": "back_to_the_realm_v2", "project_version": "24.0.1", "task_id": "uuid", "algorithm": "target_dqn", "model_file_name": "back_to_the_realm_v2-target_dqn-30968-2025_08_06_17_33_33-24.0.1.zip", "model_file_hash": "bc678cc88c843a9a6caaa1b7fa87993679257a25afeda8e5023705a2d110786d", "model_file_path": ["ckpt/model.ckpt-30968.pkl"], "signature": null}