{"created_at": "2025-08-06T19:22:48.120384+00:00", "train_time": 10853, "train_step": 17466, "platform": "tencent_kaiwu", "business": "competition", "user_id": 1, "team_id": 2, "project_code": "back_to_the_realm_v2", "project_version": "24.0.1", "task_id": "uuid", "algorithm": "target_dqn", "model_file_name": "back_to_the_realm_v2-target_dqn-17466-2025_08_07_03_22_48-24.0.1.zip", "model_file_hash": "c59ddc97ae27827c850bde33fa99bc8740ab54b0a9257bd4dcab83c610b66fe5", "model_file_path": ["ckpt/model.ckpt-17466.pkl"], "signature": null}