{"created_at": "2025-07-30T18:00:34.786103+00:00", "train_time": 30695, "train_step": 50768, "platform": "tencent_kaiwu", "business": "competition", "user_id": 1, "team_id": 2, "project_code": "back_to_the_realm_v2", "project_version": "24.0.1", "task_id": "uuid", "algorithm": "target_dqn", "model_file_name": "back_to_the_realm_v2-target_dqn-50768-2025_07_31_02_00_34-24.0.1.zip", "model_file_hash": "f930ad3ffa126e2a81193c3ac92f33316337581172929bb0904b077acbe31598", "model_file_path": ["ckpt/model.ckpt-50768.pkl"], "signature": null}