{"created_at": "2025-07-31T05:31:55.576622+00:00", "train_time": 72178, "train_step": 120539, "platform": "tencent_kaiwu", "business": "competition", "user_id": 1, "team_id": 2, "project_code": "back_to_the_realm_v2", "project_version": "24.0.1", "task_id": "uuid", "algorithm": "target_dqn", "model_file_name": "back_to_the_realm_v2-target_dqn-120539-2025_07_31_13_31_55-24.0.1.zip", "model_file_hash": "08060f3356335e4ec0e714733a3b575a345868b953da809f355fc50fbf1b9c7e", "model_file_path": ["ckpt/model.ckpt-120539.pkl"], "signature": null}