{"created_at": "2025-08-04T04:02:28.298532+00:00", "train_time": 1666, "train_step": 2512, "platform": "tencent_kaiwu", "business": "competition", "user_id": 1, "team_id": 2, "project_code": "back_to_the_realm_v2", "project_version": "24.0.1", "task_id": "uuid", "algorithm": "target_dqn", "model_file_name": "back_to_the_realm_v2-target_dqn-2512-2025_08_04_12_02_28-24.0.1.zip", "model_file_hash": "636ead667758c32e5cf240c9741c301804555bfa270a1fe6087d6786cf3b669c", "model_file_path": ["ckpt/model.ckpt-2512.pkl"], "signature": null}