{"created_at": "2025-07-31T10:36:04.429147+00:00", "train_time": 7239, "train_step": 11355, "platform": "tencent_kaiwu", "business": "competition", "user_id": 1, "team_id": 2, "project_code": "back_to_the_realm_v2", "project_version": "24.0.1", "task_id": "uuid", "algorithm": "target_dqn", "model_file_name": "back_to_the_realm_v2-target_dqn-11355-2025_07_31_18_36_04-24.0.1.zip", "model_file_hash": "ee2a2e0915c21c1b43b753546a3447ac28beb177f8dcf14095f683a5c553f74b", "model_file_path": ["ckpt/model.ckpt-11355.pkl"], "signature": null}