{"created_at": "2025-08-06T00:24:43.136066+00:00", "train_time": 27115, "train_step": 42669, "platform": "tencent_kaiwu", "business": "competition", "user_id": 1, "team_id": 2, "project_code": "back_to_the_realm_v2", "project_version": "24.0.1", "task_id": "uuid", "algorithm": "target_dqn", "model_file_name": "back_to_the_realm_v2-target_dqn-42669-2025_08_06_08_24_43-24.0.1.zip", "model_file_hash": "d696d35b4a498dd722975972a060abedb5e87b0b75d8544cf101b91d1c400d4a", "model_file_path": ["ckpt/model.ckpt-42669.pkl"], "signature": null}