{"created_at": "2025-08-04T03:34:52.598166+00:00", "train_time": 10, "train_step": 0, "platform": "tencent_kaiwu", "business": "competition", "user_id": 1, "team_id": 2, "project_code": "back_to_the_realm_v2", "project_version": "24.0.1", "task_id": "uuid", "algorithm": "target_dqn", "model_file_name": "back_to_the_realm_v2-target_dqn-0-2025_08_04_11_34_52-24.0.1.zip", "model_file_hash": "67162b24c705c371c45be2adb6f3df46e53dbd76a8032a232a1b1a4ea1e27972", "model_file_path": ["ckpt/model.ckpt-0.pkl"], "signature": null}