{"created_at": "2025-08-07T06:46:49.866000+00:00", "train_time": 1832, "train_step": 2857, "platform": "tencent_kaiwu", "business": "competition", "user_id": 1, "team_id": 2, "project_code": "back_to_the_realm_v2", "project_version": "24.0.1", "task_id": "uuid", "algorithm": "target_dqn", "model_file_name": "back_to_the_realm_v2-target_dqn-2857-2025_08_07_14_46_49-24.0.1.zip", "model_file_hash": "ba10ecf2a1e8417e980e50af71f3405c889514163e5b97770f06c698246cfe96", "model_file_path": ["ckpt/model.ckpt-2857.pkl"], "signature": null}