{"created_at": "2025-07-30T09:29:25.476442+00:00", "train_time": 16, "train_step": 0, "platform": "tencent_kaiwu", "business": "competition", "user_id": 1, "team_id": 2, "project_code": "back_to_the_realm_v2", "project_version": "24.0.1", "task_id": "uuid", "algorithm": "target_dqn", "model_file_name": "back_to_the_realm_v2-target_dqn-0-2025_07_30_17_29_25-24.0.1.zip", "model_file_hash": "94527ab80537a8ad7d042928018f6a478d6182c4fba653fc6da4374bf870c17a", "model_file_path": ["ckpt/model.ckpt-0.pkl"], "signature": null}