{"created_at": "2025-08-02T15:28:06.110388+00:00", "train_time": 5452, "train_step": 8596, "platform": "tencent_kaiwu", "business": "competition", "user_id": 1, "team_id": 2, "project_code": "back_to_the_realm_v2", "project_version": "24.0.1", "task_id": "uuid", "algorithm": "target_dqn", "model_file_name": "back_to_the_realm_v2-target_dqn-8596-2025_08_02_23_28_06-24.0.1.zip", "model_file_hash": "550d4d01bcc47d974b52d94d81007125f0047914fdb2d8ad93cd03f3378484f6", "model_file_path": ["ckpt/model.ckpt-8596.pkl"], "signature": null}